SITE,HUNIT,VUNIT,ID,DEBITAGECLASS,MATERIAL,TERMINATIONTYPE,CORTEX,MAXLENGTH,MAXWIDTH,MAXTHICK,PLATWIDTH,PLATTHICK,PLATANGLE,DOTSCORTEX,DOTSNONCORTEX,NUMBER_OF_FLAKESCARS,CORESURFACES,SURFACEINTERACTIONS,WEIGHT,COMMENT
SPRING CAVE,I9,ALL BLACK,20023,COMPFLAKE,HORNFELS,FEATHER,0,11,8,3,8,3,,,,,,,0.1,
SPRING CAVE,I9,ALL BLACK,20052,COMPFLAKE,QUARTZ,FEATHER,0,13,12,2,4,2,,,,,,,0.1,
SPRING CAVE,I9,ALL BLACK,20057,COMPFLAKE,QUARTZ,STEP,60,18,11,5,6,3,,,,,,,0.1,
SPRING CAVE,I9,ALL BLACK,20115,COMPFLAKE,SILCRETE,FEATHER,10,17,14,5,12,6,,,,,,,1.3,
SPRING CAVE,I9,ALL BLACK,20021,COMPFLAKE,QUARTZ,FEATHER,0,11,6,4,4,2,90,,,,,,0.1,
SPRING CAVE,I9,ALL BLACK,20066,COMPFLAKE,QUARTZ,HINGE,0,13,11,5,7,3,90,,,,,,0.7,
SPRING CAVE,I9,ALL BLACK,20073,COMPFLAKE,QUARTZITE,FEATHER,80,16,10,3,6,3,90,,,,,,0.5,
SPRING CAVE,I9,ALL BLACK,20079,COMPFLAKE,QUARTZ,FEATHER,0,39,20,8,17,6,90,,,,,,5.4,
SPRING CAVE,I9,ALL BLACK,20102,COMPFLAKE,QUARTZ,STEP,0,17,10,4,9,3,90,,,,,,0.6,
SPRING CAVE,I9,ALL BLACK,20031,COMPFLAKE,QUARTZ,FEATHER,0,10,5,1,5,1,80,,,,,,0.1,
SPRING CAVE,I9,ALL BLACK,20067,COMPFLAKE,QUARTZ,FEATHER,0,14,11,3,11,3,80,,,,,,0.3,
SPRING CAVE,I9,ALL BLACK,20068,COMPFLAKE,QUARTZ,NA,10,15,14,5,13,4,80,,,,,,0.7,
SPRING CAVE,I9,ALL BLACK,20078,COMPFLAKE,QUARTZ,PLUNGE,100,27,21,6,11,4,80,,,,,,3,
SPRING CAVE,I9,ALL BLACK,20090,COMPFLAKE,QUARTZ,FEATHER,0,13,8,3,5,1,80,,,,,,0.1,
SPRING CAVE,I9,ALL BLACK,20104,COMPFLAKE,QUARTZ,FEATHER,0,12,9,4,9,3,80,,,,,,0.4,
SPRING CAVE,I9,ALL BLACK,20769,COMPFLAKE,SILCRETE,PLUNGE,0,33,29,7,10,5,80,,,,,,6.6,
SPRING CAVE,I9,ALL BLACK,20019,COMPFLAKE,QUARTZ,FEATHER,0,10,6,3,8,3,70,,,,,,0.1,
SPRING CAVE,I9,ALL BLACK,20027,COMPFLAKE,QUARTZ,STEP,10,10,8,3,7,4,70,,,,,,0,
SPRING CAVE,I9,ALL BLACK,20038,COMPFLAKE,QUARTZ,NA,10,17,12,4,6,2,70,,,,,,0.1,
SPRING CAVE,I9,ALL BLACK,20047,COMPFLAKE,QUARTZ,FEATHER,0,20,14,2,3,1,70,,,,,,0.1,
SPRING CAVE,I9,ALL BLACK,20049,COMPFLAKE,QUARTZ,STEP,10,11,7,3,7,3,70,,,,,,0.1,
SPRING CAVE,I9,ALL BLACK,20071,COMPFLAKE,QUARTZ,FEATHER,10,18,14,5,15,5,70,,,,,,0.7,
SPRING CAVE,I9,ALL BLACK,20076,COMPFLAKE,QUARTZ,FEATHER,10,17,12,3,13,4,70,,,,,,0.7,
SPRING CAVE,I9,ALL BLACK,20082,PROXFLAKE,SILCRETE,NA,0,15,14,4,8,4,70,,,,,,0.4,
SPRING CAVE,I9,ALL BLACK,20084,COMPFLAKE,QUARTZ,PLUNGE,10,27,19,8,26,8,70,,,,,,3.8,
SPRING CAVE,I9,ALL BLACK,20099,COMPFLAKE,QUARTZ,FEATHER,0,13,11,3,8,4,70,,,,,,0.4,
SPRING CAVE,I9,ALL BLACK,20782,COMPFLAKE,QUARTZ,FEATHER,10,18,13,5,13,5,70,,,,,,0.7,
SPRING CAVE,I9,ALL BLACK,20018,COMPFLAKE,QUARTZ,PLUNGE,0,11,7,1,2,1,60,,,,,,0.1,
SPRING CAVE,I9,ALL BLACK,20020,COMPFLAKE,QUARTZ,FEATHER,0,10,4,2,3,2,60,,,,,,0.1,
SPRING CAVE,I9,ALL BLACK,20040,COMPFLAKE,QUARTZ,STEP,0,13,9,7,10,7,60,,,,,,0.1,
SPRING CAVE,I9,ALL BLACK,20041,COMPFLAKE,QUARTZ,FEATHER,0,10,7,2,7,2,60,,,,,,0.1,
SPRING CAVE,I9,ALL BLACK,20026,COMPFLAKE,QUARTZ,FEATHER,0,11,7,2,6,3,,,,,,,0.1,
SPRING CAVE,I9,ALL BLACK,20022,BROKEFLAKE,QUARTZ,,0,10,4,2,,,,,,,,,0.1,
SPRING CAVE,I9,ALL BLACK,20024,ANGFRAG,QUARTZ,,0,11,5,4,,,,,,,,,0.1,
SPRING CAVE,I9,ALL BLACK,20025,BROKEFLAKE,QUARTZ,,0,15,5,3,,,,,,,,,0.1,
SPRING CAVE,I9,ALL BLACK,20028,ANGFRAG,QUARTZ,,0,10,7,3,,,,,,,,,0.1,
SPRING CAVE,I9,ALL BLACK,20029,ANGFRAG,QUARTZ,,100,10,4,4,,,,,,,,,0.1,
SPRING CAVE,I9,ALL BLACK,20030,ANGFRAG,SILCRETE,,0,10,6,4,,,,,,,,,0.1,
SPRING CAVE,I9,ALL BLACK,20032,ANGFRAG,QUARTZ,,0,10,6,2,,,,,,,,,0.1,
SPRING CAVE,I9,ALL BLACK,20033,ANGFRAG,QUARTZ,,40,16,16,10,,,,,,,,,0.1,
SPRING CAVE,I9,ALL BLACK,20034,ANGFRAG,QUARTZ,,10,22,12,8,,,,,,,,,2,
SPRING CAVE,I9,ALL BLACK,20036,ANGFRAG,HORNFELS,,100,25,8,7,,,,,,,,,0.1,
SPRING CAVE,I9,ALL BLACK,20037,ANGFRAG,QUARTZ,,70,16,13,7.2,,,,,,,,,0.1,
SPRING CAVE,I9,ALL BLACK,20039,PROXFLAKE,QUARTZ,,0,21,14,6,,,,,,,,,2,
SPRING CAVE,I9,ALL BLACK,20042,ANGFRAG,QUARTZ,,100,25,15,10,,,,,,,,,4,
SPRING CAVE,I9,ALL BLACK,20043,ANGFRAG,QUARTZ,,0,10,8,3,,,,,,,,,0.1,
SPRING CAVE,I9,ALL BLACK,20044,ANGFRAG,QUARTZ,,10,24,16,6,,,,,,,,,2,
SPRING CAVE,I9,ALL BLACK,20045,ANGFRAG,QUARTZ,,100,18,11,9,,,,,,,,,2,
SPRING CAVE,I9,ALL BLACK,20050,ANGFRAG,QUARTZ,,0,10,9,3,,,,,,,,,0.1,
SPRING CAVE,I9,ALL BLACK,20051,ANGFRAG,QUARTZ,,0,10,6,1,,,,,,,,,0.1,
SPRING CAVE,I9,ALL BLACK,20053,ANGFRAG,QUARTZ,,20,17,14,4,,,,,,,,,0.1,0.1
SPRING CAVE,I9,ALL BLACK,20054,ANGFRAG,QUARTZ,,0,10,7,2,,,,,,,,,0.1,
SPRING CAVE,I9,ALL BLACK,20055,ANGFRAG,QUARTZ,,100,15,6,4,,,,,,,,,0.1,
SPRING CAVE,I9,ALL BLACK,20056,ANGFRAG,QUARTZ,,80,15,8,6,,,,,,,,,0.1,
SPRING CAVE,I9,ALL BLACK,20058,ANGFRAG,QUARTZ,,30,14,12,5,,,,,,,,,0.1,
SPRING CAVE,I9,ALL BLACK,20059,BROKEFLAKE,QUARTZ,,0,16,9,3,,,,,,,,,0.3,
SPRING CAVE,I9,ALL BLACK,20060,COMPLETETOOL,QUARTZ,,0,17,11,4,,,,,,,,,1,
SPRING CAVE,I9,ALL BLACK,20061,ANGFRAG,QUARTZ,,0,14,10,5,,,,,,,,,0.5,
SPRING CAVE,I9,ALL BLACK,20063,BROKEFLAKE,QUARTZ,,100,14,9,5,,,,,,,,,0.5,
SPRING CAVE,I9,ALL BLACK,20064,ANGFRAG,QUARTZ,,0,13,9,4,,,,,,,,,0.5,
SPRING CAVE,I9,ALL BLACK,20065,CORE,CCS,,0,22,17,12,,,,,,11,3,2,3.8,bipolar core
SPRING CAVE,I9,ALL BLACK,20069,ANGFRAG,QUARTZ,,0,12,8,2,,,,,,,,,0.3,
SPRING CAVE,I9,ALL BLACK,20070,DISTFLAKE,SILCRETE,,0,11,6,2,,,,,,,,,0.1,
SPRING CAVE,I9,ALL BLACK,20072,BROKEFLAKE,QUARTZ,,0,16,7,4,,,,,,,,,0.4,
SPRING CAVE,I9,ALL BLACK,20074,ANGFRAG,QUARTZITE,,0,22,13,7,,,,,,,,,1.2,coarse grain
SPRING CAVE,I9,ALL BLACK,20075,ANGFRAG,QUARTZITE,,30,18,13,9,,,,,,,,,1.4,
SPRING CAVE,I9,ALL BLACK,20077,BROKEFLAKE,QUARTZITE,FEATHER,40,38,30,12,,,,,,,,,8.9,coarse grain
SPRING CAVE,I9,ALL BLACK,20081,COMPFLAKE,QUARTZ,FEATHER,0,10,5,2,5,2,,,,,,,,
SPRING CAVE,I9,ALL BLACK,20085,BROKEFLAKE,QUARTZ,,100,13,8,3,,,,,,,,,0.5,
SPRING CAVE,I9,ALL BLACK,20086,ANGFRAG,QUARTZ,,0,13,5,3,,,,,,,,,0.1,
SPRING CAVE,I9,ALL BLACK,20087,ANGFRAG,QUARTZ,,0,10,6,2,,,,,,,,,0.2,
SPRING CAVE,I9,ALL BLACK,20088,ANGFRAG,QUARTZ,,0,12,8,2,,,,,,,,,0.1,
SPRING CAVE,I9,ALL BLACK,20089,ANGFRAG,QUARTZ,,0,16,12,5,,,,,,,,,0.7,
SPRING CAVE,I9,ALL BLACK,20091,ANGFRAG,QUARTZ,,20,14,12,6,,,,,,,,,1.3,
SPRING CAVE,I9,ALL BLACK,20092,BROKEFLAKE,QUARTZ,,0,20,12,4,,,,,,,,,0.8,
SPRING CAVE,I9,ALL BLACK,20093,ANGFRAG,QUARTZ,,10,15,8,4,,,,,,,,,0.6,
SPRING CAVE,I9,ALL BLACK,20094,ANGFRAG,QUARTZ,,0,14,9,4,,,,,,,,,0.4,
SPRING CAVE,I9,ALL BLACK,20095,ANGFRAG,QUARTZ,,100,13,10,7,,,,,,,,,0.9,
SPRING CAVE,I9,ALL BLACK,20096,BROKEFLAKE,QUARTZ,,0,12,10,2,,,,,,,,,2,0.3
SPRING CAVE,I9,ALL BLACK,20097,ANGFRAG,QUARTZ,,40,14,8,4,,,,,,,,,0.6,
SPRING CAVE,I9,ALL BLACK,20098,ANGFRAG,QUARTZ,,0,12,9,5,,,,,,,,,0.2,
SPRING CAVE,I9,ALL BLACK,20100,ANGFRAG,QUARTZ,,0,16,9,3,,,,,,,,,0.6,
SPRING CAVE,I9,ALL BLACK,20101,ANGFRAG,QUARTZ,,0,13,10,6,,,,,,,,,0.6,
SPRING CAVE,I9,ALL BLACK,20103,ANGFRAG,QUARTZ,,100,13,8,5,,,,,,,,,0.3,
SPRING CAVE,I9,ALL BLACK,20105,ANGFRAG,QUARTZ,,0,12,8,3,,,,,,,,,0.1,
SPRING CAVE,I9,ALL BLACK,20106,ANGFRAG,QUARTZ,,0,12,8,3,,,,,,,,,0.3,
SPRING CAVE,I9,ALL BLACK,20107,ANGFRAG,QUARTZITE,,0,32,23,10,,,,,,,,,6.6,coarse grain
SPRING CAVE,I9,ALL BLACK,20108,ANGFRAG,QUARTZITE,,0,13,7,6,,,,,,,,,0.5,
SPRING CAVE,I9,ALL BLACK,20109,BROKEFLAKE,QUARTZITE,,0,18,10,4,,,,,,,,,0.4,
SPRING CAVE,I9,ALL BLACK,20110,ANGFRAG,QUARTZITE,,10,20,17,7,,,,,,,,,2.5,
SPRING CAVE,I9,ALL BLACK,20111,ANGFRAG,QUARTZITE,,0,17,11,5,,,,,,,,,0.9,
SPRING CAVE,I9,ALL BLACK,20112,BROKEFLAKE,QUARTZITE,,0,20,11,6,,,,,,,,,1.3,
SPRING CAVE,I9,ALL BLACK,20113,ANGFRAG,QUARTZITE,,0,16,7,4,,,,,,,,,0.4,
SPRING CAVE,I9,ALL BLACK,20114,ANGFRAG,QUARTZITE,,0,18,9,6,,,,,,,,,1.1,
SPRING CAVE,I9,ALL BLACK,20116,ANGFRAG,SILCRETE,,0,17,11,5,,,,,,,,,0.8,
SPRING CAVE,I9,ALL BLACK,20752,COMPFLAKE,QUARTZITE,FEATHER,100,56,34,16,,,,,,,,,19.8,
SPRING CAVE,I9,ALL BLACK,20753,ANGFRAG,QUARTZ,,0,15,14,12,,,,,,,,,2.5,
SPRING CAVE,I9,ALL BLACK,20754,ANGFRAG,QUARTZ,,90,18,11,9,,,,,,,,,1.5,
SPRING CAVE,I9,ALL BLACK,20755,ANGFRAG,QUARTZ,,80,12,10,4,,,,,,,,,0.7,
SPRING CAVE,I9,ALL BLACK,20756,ANGFRAG,QUARTZ,,100,14,11,3,,,,,,,,,0.4,
SPRING CAVE,I9,ALL BLACK,20757,ANGFRAG,QUARTZ,,0,17,7,2,,,,,,,,,0.3,
SPRING CAVE,I9,ALL BLACK,20758,ANGFRAG,QUARTZ,,100,11,7,4,,,,,,,,,0.2,
SPRING CAVE,I9,ALL BLACK,20759,ANGFRAG,QUARTZ,,0,12,11,1,,,,,,,,,0.1,
SPRING CAVE,I9,ALL BLACK,20760,BROKEFLAKE,QUARTZ,,0,11,7,1,,,,,,,,,0.1,
SPRING CAVE,I9,ALL BLACK,20761,COMPFLAKE,QUARTZITE,FEATHER,50,24,17,18,,,,,,,,,2.2,
SPRING CAVE,I9,ALL BLACK,20762,ANGFRAG,QUARTZ,,0,25,14,6,,,,,,,,,1.9,
SPRING CAVE,I9,ALL BLACK,20763,ANGFRAG,QUARTZ,,0,19,9,4,,,,,,,,,0.5,
SPRING CAVE,I9,ALL BLACK,20764,BROKEFLAKE,QUARTZ,,0,11,10,2,,,,,,,,,0.1,
SPRING CAVE,I9,ALL BLACK,20765,COMPFLAKE,QUARTZ,FEATHER,0,15,9,3,,,,,,,,,0.3,
SPRING CAVE,I9,ALL BLACK,20766,ANGFRAG,QUARTZ,,0,13,6,5,,,,,,,,,0.3,
SPRING CAVE,I9,ALL BLACK,20767,BROKEFLAKE,QUARTZ,,0,11,9,2,,,,,,,,,0.1,
SPRING CAVE,I9,ALL BLACK,20768,BROKETOOL,CCS,,0,14,9,5,,,,,,,,,0.6,
SPRING CAVE,I9,ALL BLACK,20770,ANGFRAG,OTHER,,0,35,2,13,,,,,,,,,9.2,
SPRING CAVE,I9,ALL BLACK,20771,ANGFRAG,QUARTZ,,10,29,19,7,,,,,,,,,4.6,
SPRING CAVE,I9,ALL BLACK,20772,ANGFRAG,QUARTZ,,0,16,9,7,,,,,,,,,1.3,
SPRING CAVE,I9,ALL BLACK,20773,DISTFLAKE,QUARTZ,,0,13,9,3,,,,,,,,,0.2,
SPRING CAVE,I9,ALL BLACK,20774,ANGFRAG,QUARTZ,,0,9,8,6,,,,,,,,,0.5,
SPRING CAVE,I9,ALL BLACK,20775,BROKEFLAKE,QUARTZ,,0,10,8,3,,,,,,,,,0.2,
SPRING CAVE,I9,ALL BLACK,20776,ANGFRAG,QUARTZ,,0,19,12,7,,,,,,,,,1.5,
SPRING CAVE,I9,ALL BLACK,20777,ANGFRAG,QUARTZ,,0,12,7,4,,,,,,,,,0.2,
SPRING CAVE,I9,ALL BLACK,20778,COMPFLAKE,QUARTZ,FEATHER,10,30,25,5,,,,,,,,,2.4,
SPRING CAVE,I9,ALL BLACK,20779,ANGFRAG,QUARTZ,,0,16,12,5,,,,,,,,,0.9,
SPRING CAVE,I9,ALL BLACK,20780,ANGFRAG,QUARTZ,,100,24,12,8,,,,,,,,,2.2,
SPRING CAVE,I9,ALL BLACK,20781,PROXFLAKE,QUARTZ,,10,18,13,5,,,,,,,,,1,
SPRING CAVE,I9,ALL BLACK,20783,COMPFLAKE,QUARTZ,FEATHER,20,18,17,6,,,,,,,,,1.2,
SPRING CAVE,I9,ALL BLACK,20784,ANGFRAG,QUARTZ,,0,10,10,3,,,,,,,,,0.1,
SPRING CAVE,I9,ALL BLACK,20785,COMPFLAKE,QUARTZ,STEP,20,15,6,4,,,,,,,,,0.4,
SPRING CAVE,I9,ALL BLACK,20786,COMPFLAKE,QUARTZ,FEATHER,0,14,11,3,,,,,,,,,0.6,
SPRING CAVE,I9,ALL BLACK,20787,ANGFRAG,QUARTZ,,0,12,10,3,,,,,,,,,0.2,
SPRING CAVE,I9,ALL BLACK,20788,BROKEFLAKE,QUARTZ,,0,14,7,3,,,,,,,,,0.2,
SPRING CAVE,I9,ALL BLACK,20789,ANGFRAG,QUARTZ,,0,12,8,6,,,,,,,,,0.5,
SPRING CAVE,I9,ALL BLACK,20790,PROXFLAKE,QUARTZ,,0,17,9,4,,,,,,,,,0.6,
SPRING CAVE,I9,ALL BLACK,20791,ANGFRAG,QUARTZ,,0,17,0,7,,,,,,,,,0.8,
SPRING CAVE,I9,ALL BLACK,20792,DISTFLAKE,QUARTZ,FEATHER,0,15,9,3,,,,,,,,,0.3,
SPRING CAVE,I9,ALL BLACK,20793,ANGFRAG,QUARTZ,,70,11,7,3,,,,,,,,,0.2,
SPRING CAVE,I9,ALL BLACK,20794,ANGFRAG,QUARTZ,,0,9,3,6,,,,,,,,,0.1,
SPRING CAVE,I9,ALL BLACK,20795,ANGFRAG,QUARTZ,,0,16,8,3,,,,,,,,,0.2,
SPRING CAVE,I9,ALL BLACK,20796,COMPFLAKE,QUARTZ,FEATHER,20,11,9,4,,,,,,,,,0.3,
SPRING CAVE,I9,ALL BLACK,20797,ANGFRAG,QUARTZ,,0,11,9,2,,,,,,,,,0.1,
SPRING CAVE,D9/II,ASH 1,20236,COMPFLAKE,QUARTZITE,FEATHER,20,15,13,5,12,5,60,,,,,,0.7,
SPRING CAVE,D9/I,ASH 1,20195,ANGFRAG,QUARTZITE,,0,13,10,7,,,,,,,,,0.8,
SPRING CAVE,D9/I,ASH 1,20196,ANGFRAG,QUARTZITE,,0,11,7,4,,,,,,,,,0.3,
SPRING CAVE,D9/II,ASH 1,20237,ANGFRAG,QUARTZ,,100,15,,8,,,,,,,,,0.6,
SPRING CAVE,D9/I,ASH 1,20537,BROKEFLAKE,QUARTZITE,,100,57,27,16,,,,,,,,,32.7,
SPRING CAVE,D9/I,ASH 1,20538,ANGFRAG,QUARTZITE,,0,25,12,8,,,,,,,,,1.8,
SPRING CAVE,D9/I,ASH 1,20539,BROKEFLAKE,QUARTZITE,NA,0,22,16,7,,,,,,,,,2.4,
SPRING CAVE,D9/I,ASH 2,20162,COMPLETETOOL,QUARTZ,,0,21,5,2,,,,,,,,,0.3,
SPRING CAVE,D9/I,ASH 2,20205,ANGFRAG,QUARTZ,,0,12,8,4,,,,,,,,,0.2,
SPRING CAVE,D9/I,ASH 2,20206,ANGFRAG,QUARTZITE,,0,12,9,6,,,,,,,,,0.8,
SPRING CAVE,D9/II,ASH 2,20529,BROKEFLAKE,QUARTZITE,,0,34,22,11,,,,,,,,,5.8,
SPRING CAVE,D9/II,ASH 2,20530,SPLITFLAKE,QUARTZITE,,0,25,119,8,,,,,,,,,2.8,
SPRING CAVE,D9/II,ASH 2,20531,ANGFRAG,QUARTZ,,30,13,8,3,,,,,,,,,0.4,
SPRING CAVE,D9/II,ASH 2,20532,ANGFRAG,QUARTZ,,0,17,12,7,,,,,,,,,0.9,
SPRING CAVE,D9/II,ASH 2,20533,BROKEFLAKE,QUARTZ,,0,,10,3,,,,,,,,,0.3,
SPRING CAVE,D9/II,ASH 3,20557,COMPFLAKE,QUARTZ,FEATHER,0,26,16,6,15,8,80,,,,,,2.4,
SPRING CAVE,D9/II,ASH 3,20156,COMPFLAKE,HORNFELS,PLUNGE,20,20,20,7,10,3,70,,,,,,2.1,
SPRING CAVE,D9/II,ASH 3,20155,COMPLETETOOL,QUARTZ,,90,22,14,4,,,,,,,,,1.2,
SPRING CAVE,D9/II,ASH 3,20157,COMPLETETOOL,QUARTZ,,0,16,9,3,,,,,,,,,0.3,
SPRING CAVE,D9/II,ASH 3,20202,ANGFRAG,QUARTZITE,,0,16,9,4,,,,,,,,,0.5,LARGE QUARTZ CLAST INSIDE QUARTZITE
SPRING CAVE,D9/II,ASH 3,20203,ANGFRAG,QUARTZ,,20,10,8,4,,,,,,,,,0.1,
SPRING CAVE,D9/II,ASH 3,20204,ANGFRAG,QUARTZ,,0,10,8,3,,,,,,,,,0.3,
SPRING CAVE,D9/I,ASH 3,20290,ANGFRAG,SILCRETE,,70,15,8,7,,,,,,,,,0.8,
SPRING CAVE,D9/II,ASH 4,20192,COMPFLAKE,QUARTZ,FEATHER,10,10,9,3,8,4,70,,,,,,0.1,
SPRING CAVE,D9/II,ASH 4,20189,ANGFRAG,QUARTZ,,0,14,9,7,,,,,,,,,0.6,
SPRING CAVE,D9/II,ASH 4,20190,COMPFLAKE,QUARTZ,STEP,50,12,8,4,4,1,,,,,,,0.3,
SPRING CAVE,D9/II,ASH 4,20191,ANGFRAG,QUARTZ,,100,13,7,6,,,,,,,,,0.4,
SPRING CAVE,D9/II,ASH 4,20193,ANGFRAG,QUARTZ,,0,12,6,3,,,,,,,,,0.3,
SPRING CAVE,D9/II,ASH 4,20194,COMPFLAKE,QUARTZ,FEATHER,0,10,7,2,6,1,,,,,,,0.1,
SPRING CAVE,D9/II,ASH 4,20540,BROKEFLAKE,QUARTZITE,,10,41,27,9,,,,,,,,,1.3,
SPRING CAVE,D9/I,ASH 4,20556,BROKEFLAKE,QUARTZ,,10,23,20,6,,,,,,,,,3.2,
SPRING CAVE,I9,BBM,20625,COMPFLAKE,QUARTZ,FEATHER,10,16,6,2,,,,,,,,,0.1,
SPRING CAVE,I9,BBM,20626,COMPFLAKE,QUARTZ,FEATHER,10,27,18,7,,,,,,,,,4.1,
SPRING CAVE,I9,BBM,20627,ANGFRAG,QUARTZ,,30,14,9,8,,,,,,,,,1.3,
SPRING CAVE,I9,BELOW BLACK MIDDEN,20125,COMPFLAKE,SILCRETE,FEATHER,0,16,7,2,4,1,80,,,,,,0.2,
SPRING CAVE,I9,BELOW BLACK MIDDEN,20126,ANGFRAG,QUARTZ,,0,11,5,2,,,,,,,,,0.1,
SPRING CAVE,I9,BELOW BLACK MIDDEN,20127,ANGFRAG,SILCRETE,,0,10,4,4,,,,,,,,,0.1,
SPRING CAVE,I9,BELOW BLACK MIDDEN,20128,ANGFRAG,QUARTZ,,50,11,9,5,,,,,,,,,0.6,
SPRING CAVE,I9,BELOW BLACK MIDDEN,20129,COMPLETETOOL,QUARTZ,,0,12,6,2,,,,,,,,,0.1,
SPRING CAVE,I9,BELOW BLACK MIDDEN,20130,ANGFRAG,QUARTZ,,10,14,7,6,,,,,,,,,0.7,
SPRING CAVE,I9,BELOW BLACK MIDDEN,20131,ANGFRAG,QUARTZ,,0,10,7,4,,,,,,,,,0.3,
SPRING CAVE,I9,BELOW BLACK MIDDEN,20132,ANGFRAG,QUARTZ,,0,10,6,4,,,,,,,,,0.1,
SPRING CAVE,I9,BELOW BLACK MIDDEN,20133,ANGFRAG,QUARTZ,,100,14,11,4,,,,,,,,,0.9,
SPRING CAVE,I9,BELOW BLACK MIDDEN,20134,ANGFRAG,QUARTZ,,100,11,10,4,,,,,,,,,0.4,
SPRING CAVE,I9,BELOW BLACK MIDDEN,20135,COMPLETETOOL,QUARTZ,,40,13,10,6,,,,,,,,,0.6,
SPRING CAVE,I9,BELOW BLACK MIDDEN,20136,ANGFRAG,QUARTZ,,0,11,9,2,,,,,,,,,0.1,
SPRING CAVE,I9,BELOW BLACK MIDDEN,20137,ANGFRAG,QUARTZITE,,0,12,10,5,,,,,,,,,0.4,
SPRING CAVE,I9,BELOW BLACK MIDDEN,20138,ANGFRAG,QUARTZITE,,100,11,8,3,,,,,,,,,0.2,
SPRING CAVE,I9,BELOW BLACK MIDDEN,20825,COMPFLAKE,QUARTZ,FEATHER,40,26,21,10,13,6,,,,,,,5.1,
SPRING CAVE,I9,BELOW BLACK MIDDEN,20826,COMPFLAKE,QUARTZ,NA,60,51,24,17,,,,,,,,,21.1,
SPRING CAVE,I9,BELOW BLACK MIDDEN,20827,ANGFRAG,QUARTZ,,70,54,17,12,,,,,,,,,12.3,
SPRING CAVE,I9,BELOW BLACK MIDDEN,20828,COMPFLAKE,QUARTZITE,FEATHER,0,35,24,10,,,,,,,,,6.3,
SPRING CAVE,I9,BELOW BM UNDER ROCK,20737,COMPFLAKE,QUARTZ,FEATHER,10,19,12,4,5,2,90,,,,,,0.9,
SPRING CAVE,I9,BELOW BM UNDER ROCK,20736,COMPFLAKE,QUARTZ,FEATHER,0,14,13,3,5,2,80,,,,,,0.6,
SPRING CAVE,I9,BELOW BM UNDER ROCK,20724,BROKEFLAKE,QUARTZ,,10,17,10,3,,,,,,,,,0.5,
SPRING CAVE,I9,BELOW BM UNDER ROCK,20725,ANGFRAG,QUARTZ,,50,18,14,10,,,,,,,,,2.5,
SPRING CAVE,I9,BELOW BM UNDER ROCK,20726,ANGFRAG,QUARTZ,,100,21,10,6,,,,,,,,,1.1,
SPRING CAVE,I9,BELOW BM UNDER ROCK,20727,ANGFRAG,QUARTZ,,0,15,14,9,,,,,,,,,1.2,
SPRING CAVE,I9,BELOW BM UNDER ROCK,20728,BROKEFLAKE,QUARTZ,,0,13,8,3,,,,,,,,,0.5,
SPRING CAVE,I9,BELOW BM UNDER ROCK,20729,ANGFRAG,QUARTZ,,10,13,7,5,,,,,,,,,0.6,
SPRING CAVE,I9,BELOW BM UNDER ROCK,20730,ANGFRAG,QUARTZ,,0,12,7,3,,,,,,,,,0.1,
SPRING CAVE,I9,BELOW BM UNDER ROCK,20731,ANGFRAG,QUARTZ,,0,10,6,6,,,,,,,,,0.1,
SPRING CAVE,I9,BELOW BM UNDER ROCK,20732,ANGFRAG,QUARTZ,,30,12,10,4,,,,,,,,,0.2,
SPRING CAVE,I9,BELOW BM UNDER ROCK,20733,BROKEFLAKE,QUARTZ,,10,15,8,2,,,,,,,,,0.2,
SPRING CAVE,I9,BELOW BM UNDER ROCK,20734,DISTTOOL,QUARTZ,,0,12,7,2,,,,,,,,,0.1,
SPRING CAVE,I9,BELOW BM UNDER ROCK,20735,COMPFLAKE,QUARTZ,FEATHER,60,32,22,10,,,,,,,,,7,
SPRING CAVE,I9,BELOW BM UNDER ROCK,20738,COMPFLAKE,QUARTZ,FEATHER,0,19,12,4,,,,,,,,,0.6,
SPRING CAVE,I9,BELOW BM UNDER ROCK,20739,COMPFLAKE,QUARTZ,FEATHER,100,18,12,4,,,,,,,,,0.4,
SPRING CAVE,I9,BELOW BM UNDER ROCK,20740,PROXFLAKE,QUARTZ,,0,14,11,4,,,,,,,,,0.7,
SPRING CAVE,I9,BELOW BM UNDER ROCK,20741,BROKEFLAKE,QUARTZ,,0,14,8,2,,,,,,,,,0.1,
SPRING CAVE,I9,BELOW BM UNDER ROCK,20742,ANGFRAG,QUARTZ,,0,12,7,5,,,,,,,,,0.3,
SPRING CAVE,I9,BELOW BM UNDER ROCK,20743,COMPFLAKE,SILCRETE,FEATHER,0,13,8,4,,,,,,,,,0.2,
SPRING CAVE,I9,BELOW BM UNDER ROCK,20744,BROKEFLAKE,SILCRETE,,0,13,9,2,,,,,,,,,0.1,
SPRING CAVE,I9,BELOW BM UNDER ROCK,20745,ANGFRAG,QUARTZ,,0,29,20,8,,,,,,,,,4.1,BPCORE
SPRING CAVE,I9,BELOW BM UNDER ROCK,20746,ANGFRAG,QUARTZ,,0,16,7,5,,,,,,,,,0.7,BPCORE
SPRING CAVE,I9,BELOW BM UNDER ROCK,20747,DISTTOOL,QUARTZ,,0,13,10,5,,,,,,,,,0.7,SCRAPER
SPRING CAVE,I9,BELOW BM UNDER ROCK,20748,ANGFRAG,QUARTZITE,,0,14,11,2,,,,,,,,,0.1,
SPRING CAVE,I9,BELOW BM UNDER ROCK,20749,ANGFRAG,QUARTZITE,,0,11,11,2,,,,,,,,,0.1,
SPRING CAVE,I9,BELOW BM UNDER ROCK,20750,ANGFRAG,QUARTZITE,,0,14,13,3,,,,,,,,,0.4,
SPRING CAVE,I9,BELOW BM UNDER ROCK,20751,ANGFRAG,CCS,,0,11,8,3,,,,,,,,,0.1,
SPRING CAVE,I9,BLACK MIDDEN,20010,COMPFLAKE,CCS,PLUNGE,0,14,12,5,7,5,80,,,,,,0.1,
SPRING CAVE,I9,BLACK MIDDEN,20008,PROXFLAKE,SILCRETE,,0,40,39,12,,,,,,,,,15,
SPRING CAVE,I9,BLACK MIDDEN,20009,PROXFLAKE,QUARTZ,,70,22,16,10,,,,,,,,,2,
SPRING CAVE,I9,BLACK MIDDEN,20139,ANGFRAG,QUARTZ,,0,13,6,5,,,,,,,,,0.4,
SPRING CAVE,I9,BLACK MIDDEN,20140,ANGFRAG,QUARTZ,,0,13,5,2,,,,,,,,,0.1,
SPRING CAVE,I9,BLACK MIDDEN,20141,ANGFRAG,QUARTZ,,0,11,7,4,,,,,,,,,0.5,
SPRING CAVE,I9,BLACK MIDDEN,20142,ANGFRAGTOOL,QUARTZ,,0,10,8,3,,,,,,,,,0.2,
SPRING CAVE,I9,BLACK MIDDEN,20143,ANGFRAG,QUARTZ,,0,10,4,3,,,,,,,,,0.1,
SPRING CAVE,I9,BLACK MIDDEN,20144,ANGFRAG,QUARTZ,,0,14,4,3,,,,,,,,,0.2,
SPRING CAVE,I9,BLACK MIDDEN,20145,ANGFRAG,QUARTZ,,0,11,6,4,,,,,,,,,0.1,
SPRING CAVE,I9,BLACK MIDDEN,20146,ANGFRAG,QUARTZITE,,100,21,9,4,,,,,,,,,0.9,
SPRING CAVE,I9,BLACK MIDDEN,20147,ANGFRAG,QUARTZITE,,0,10,8,2,,,,,,,,,0.1,
SPRING CAVE,I9,BLACK MIDDEN,20148,ANGFRAG,QUARTZ,,100,13,7,4,,,,,,,,,0.5,
SPRING CAVE,I9,BLACK MIDDEN,20150,ANGFRAG,QUARTZITE,,0,16,9,6,,,,,,,,,0.7,
SPRING CAVE,I9,BLACK MIDDEN,20152,COMPFLAKE,QUARTZ,NA,80,12,9,5,7,4,,,,,,,0.6,
SPRING CAVE,I9,BLACK MIDDEN,20153,ANGFRAG,QUARTZ,,100,15,11,2,,,,,,,,,0.2,
SPRING CAVE,I9,BLACK MIDDEN,20154,ANGFRAG,QUARTZITE,,0,16,12,5,,,,,,,,,0.8,
SPRING CAVE,I9,BLACK MIDDEN,20836,ANGFRAGTOOL,QUARTZ,,0,23,13,6,,,,,,,,,1.6,
SPRING CAVE,I9,BLACK MIDDEN,20837,MEDIALFLAKE,QUARTZ,,0,11,9,4,,,,,,,,,0.5,
SPRING CAVE,I9,BLACK MIDDEN,20838,DISTTOOL,QUARTZ,,0,15,9,4,,,,,,,,,0.7,
SPRING CAVE,I9,BLACK MIDDEN,20839,COMPFLAKE,QUARTZITE,FEATHER,80,29,9,8,,,,,,,,,4,
SPRING CAVE,I9,BROWN SOIL ABOVE BEDROCK,20817,CORE,QUARTZ,,70,45,31,28,,,,48,12,2,2,1,57.6,
SPRING CAVE,I9,BROWN SOIL ABOVE BEDROCK,20819,ANGFRAG,QUARTZ,,30,13,12,6,,,,,,,,,0.9,
SPRING CAVE,I9,BROWN SOIL ABOVE BEDROCK,20821,DISTFLAKE,QUARTZ,,0,15,10,3,,,,,,,,,0.7,
SPRING CAVE,I9,BROWN SOIL ABOVE BEDROCK,20822,COMPFLAKE,QUARTZ,FEATHER,80,16,11,4,,,,,,,,,0.8,
SPRING CAVE,I9,BROWN SOIL ABOVE BEDROCK,20823,ANGFRAG,QUARTZ,,0,12,5,3,,,,,,,,,0.1,
SPRING CAVE,I9,BROWN SOIL ABOVE BEDROCK,20824,ANGFRAG,QUARTZ,,70,15,12,9,,,,,,,,,1.4,
SPRING CAVE,D9/I,DARK BROWN MIDDEN,20165,COMPFLAKE,QUARTZ,FEATHER,0,20,12,6,12,5,,,,,,,0.7,
SPRING CAVE,D9/II,DARK BROWN MIDDEN,20298,COMPFLAKE,QUARTZITE,PLUNGE,90,45,36,10,23,7,80,,,,,,14.8,
SPRING CAVE,D9/I,DARK BROWN MIDDEN,20159,COMPFLAKE,QUARTZ,FEATHER,0,21,13,4,7,4,,,,,,,1.2,
SPRING CAVE,D9/I,DARK BROWN MIDDEN,20160,COMPLETETOOL,QUARTZ,,0,16,15,6,,,,,,,,,1.7,
SPRING CAVE,D9/I,DARK BROWN MIDDEN,20164,ANGFRAG,QUARTZ,,0,26,19,10,,,,,,,,,4.3,
SPRING CAVE,D9/I,DARK BROWN MIDDEN,20183,BROKEFLAKE,QUARTZ,,0,15,10,5,,,,,,,,,0.7,
SPRING CAVE,D9/I,DARK BROWN MIDDEN,20197,ANGFRAG,QUARTZ,,20,11,7,3,,,,,,,,,0.2,
SPRING CAVE,D9/I,DARK BROWN MIDDEN,20198,BROKEFLAKE,QUARTZ,,0,10,5,3,,,,,,,,,0.1,
SPRING CAVE,D9/II,DARK BROWN MIDDEN,20297,ANGFRAG,QUARTZ,,0,13,5,3,,,,,,,,,0.1,
SPRING CAVE,D9/I,DARK BROWN MIDDEN,20524,COMPFLAKE,QUARTZITE,FEATHER,20,35,31,10,,,,,,,,,7.1,
SPRING CAVE,D9/I,DARK BROWN MIDDEN,20525,COMPLETETOOL,SILCRETE,,10,19,18,6,,,,,,,,,1.3,
SPRING CAVE,D9/I,DARK BROWN MIDDEN,20526,BROKEFLAKE,QUARTZITE,FEATHER,100,27,16,5,,,,,,,,,2.5,
SPRING CAVE,D9/I,DARK BROWN MIDDEN,20527,ANGFRAG,QUARTZ,,0,18,18,7,,,,,,,,,1.7,
SPRING CAVE,D9/I,DARK LOAM WITH SHELL,20180,MANUPORT,QUARTZITE,,100,53,38,26,,,,,,,,,68.4,possible hammerstone?
SPRING CAVE,D9/I,DARK LOAM WITH SHELL,20238,BROKEFLAKE,OTHER,,20,62,41,9,,,,,,,,,28.5,
SPRING CAVE,D9/I,DARK MIDDEN,20299,COMPFLAKE,QUARTZITE,FEATHER,90,41,31,14,20,13,,,,,,,17.9,
SPRING CAVE,D9/II,DARK MIDDEN,20560,COMPFLAKE,QUARTZ,FEATHER,20,30,18,18,17,10,90,,,,,,4.6,
SPRING CAVE,D9/I,DARK MIDDEN,20181,ANGFRAG,QUARTZ,,0,20,9,5,,,,,,,,,0.8,
SPRING CAVE,D9/I,DARK MIDDEN,20182,ANGFRAGTOOL,HORNFELS,,0,18,14,6,,,,,,,,,1.6,
SPRING CAVE,D9/I,DARK MIDDEN,20300,COMPLETETOOL,QUARTZ,NA,10,25,21,5,,,,,,,,,2.3,
SPRING CAVE,D9/II,DARK MIDDEN,20558,COMPFLAKE,QUARTZITE,FEATHER,0,55,32,18,,,,,,,,,28,
SPRING CAVE,D9/II,DARK MIDDEN,20559,ANGFRAG,QUARTZ,,10,29,16,12,,,,,,,,,6.7,
SPRING CAVE,D9/II,DARK MIDDEN,20561,ANGFRAG,QUARTZITE,,0,21,19,11,,,,,,,,,0.5,
SPRING CAVE,D9/II,DARK MIDDEN 2,20534,COMPFLAKE,QUARTZITE,FEATHER,0,29,24,7,17,7,80,,,,,,4.6,
SPRING CAVE,D9/I,DARK MIDDEN 2,20199,BROKEFLAKE,QUARTZ,,0,12,7,2,,,,,,,,,0.2,
SPRING CAVE,D9/I,DARK MIDDEN 2,20200,ANGFRAG,QUARTZ,,30,12,6,4,,,,,,,,,0.3,10
SPRING CAVE,D9/I,DARK MIDDEN 2,20201,ANGFRAG,QUARTZ,,0,10,4,2,,,,,,,,,0.1,
SPRING CAVE,D9/I,DARK MIDDEN 2,20293,BROKEFLAKE,QUARTZ,,80,43,30,22,,,,,,,,,38.6,
SPRING CAVE,D9/I,DARK MIDDEN 2,20294,ANGFRAG,QUARTZ,,50,39,15,12,,,,,,,,,10.7,BPCORE
SPRING CAVE,D9/I,DARK MIDDEN 2,20295,COMPLETETOOL,QUARTZ,,0,16,7,2,,,,,,,,,0.4,
SPRING CAVE,D9/II,DARK MIDDEN 2,20535,BROKEFLAKE,QUARTZ,,10,30,13,4,,,,,,,,,1.7,
SPRING CAVE,D9/II,DARK MIDDEN 2,20536,ANGFRAG,QUARTZ,,0,11,6,5,,,,,,,,,0.3,
SPRING CAVE,I9,GRASS,20715,COMPFLAKE,QUARTZITE,FEATHER,0,30,18,6,11,4,70,,,,,,3.2,
SPRING CAVE,I9,GRASS,20122,COMPLETETOOL,QUARTZ,,0,15,7,4,,,,,,,,,0.2,
SPRING CAVE,I9,GRASS,20713,ANGFRAG,QUARTZ,,0,29,28,11,,,,,,,,,6.3,
SPRING CAVE,I9,GRASS,20714,ANGFRAG,QUARTZ,,0,16,0,8,,,,,,,,,1.2,
SPRING CAVE,I9,GRASS,20716,ANGFRAG,QUARTZ,,90,20,12,8,,,,,,,,,2.2,
SPRING CAVE,I9,GRASS,20717,COMPFLAKE,QUARTZITE,FEATHER,0,37,19,11,,,,,,,,,6.4,
SPRING CAVE,D9/II,HBOL,20313,PROXTOOL,SILCRETE,NA,40,27,20,10,17,7,,,,,,,4.3,
SPRING CAVE,D9/II,HBOL,20324,COMPFLAKE,QUARTZ,STEP,0,11,10,4,6,3,90,,,,,,0.4,
SPRING CAVE,D9/II,HBOL,20306,COMPFLAKE,QUARTZ,FEATHER,0,14,14,6,14,6,80,,,,,,1.1,
SPRING CAVE,D9/II,HBOL,20473,COMPFLAKE,QUARTZ,FEATHER,0,10,7,2,4,3,80,,,,,,0.1,
SPRING CAVE,D9/II,HBOL,20483,COMPFLAKE,QUARTZITE,FEATHER,100,17,16,5,9,5,80,,,,,,1.4,
SPRING CAVE,D9/II,HBOL,20301,ANGFRAG,QUARTZ,,0,23,11,6,,,,,,,,,1.9,
SPRING CAVE,D9/II,HBOL,20302,ANGFRAG,QUARTZ,,10,12,9,4,,,,,,,,,0.6,
SPRING CAVE,D9/II,HBOL,20303,ANGFRAG,QUARTZ,,0,13,4,3,,,,,,,,,0.2,
SPRING CAVE,D9/II,HBOL,20304,ANGFRAG,QUARTZ,,20,14,9,7,,,,,,,,,0.6,
SPRING CAVE,D9/II,HBOL,20305,BROKEFLAKE,QUARTZ,,0,20,11,6,,,,,,,,,1,
SPRING CAVE,D9/II,HBOL,20307,ANGFRAG,QUARTZ,,0,10,7,4,,,,,,,,,0.5,
SPRING CAVE,D9/II,HBOL,20308,ANGFRAG,QUARTZ,,0,13,10,3,,,,,,,,,0.1,
SPRING CAVE,D9/II,HBOL,20309,ANGFRAG,QUARTZ,,0,15,7,3,,,,,,,,,0.3,
SPRING CAVE,D9/II,HBOL,20310,ANGFRAG,QUARTZ,,0,12,5,2,,,,,,,,,0.1,
SPRING CAVE,D9/II,HBOL,20311,BROKEFLAKE,QUARTZ,,0,13,7,3,,,,,,,,,0.2,
SPRING CAVE,D9/II,HBOL,20312,ANGFRAG,QUARTZ,,0,25,22,11,,,,,,,,,6.6,
SPRING CAVE,D9/II,HBOL,20316,ANGFRAG,QUARTZ,,10,16,10,2,,,,,,,,,0.4,
SPRING CAVE,D9/II,HBOL,20317,ANGFRAG,QUARTZ,,0,15,9,5,,,,,,,,,0.6,
SPRING CAVE,D9/II,HBOL,20318,ANGFRAG,QUARTZ,,0,11,5,1,,,,,,,,,0.1,
SPRING CAVE,D9/II,HBOL,20319,ANGFRAG,QUARTZ,,0,22,8,6,,,,,,,,,1.2,
SPRING CAVE,D9/II,HBOL,20320,ANGFRAG,QUARTZ,,0,11,7,2,,,,,,,,,0.1,
SPRING CAVE,D9/II,HBOL,20321,COMPFLAKE,QUARTZ,FEATHER,0,13,0,4,7,3,,,,,,,0.3,0.1
SPRING CAVE,D9/II,HBOL,20322,ANGFRAG,QUARTZ,,0,14,8,4,,,,,,,,,0.4,
SPRING CAVE,D9/II,HBOL,20323,MEDIALFLAKE,QUARTZ,,0,21,8,4,,,,,,,,,0.8,
SPRING CAVE,D9/II,HBOL,20325,ANGFRAG,QUARTZ,,20,17,7,4,,,,,,,,,0.3,
SPRING CAVE,D9/II,HBOL,20474,COMPFLAKE,QUARTZ,FEATHER,20,10,10,3,,,,,,,,,0.4,
SPRING CAVE,D9/II,HBOL,20475,DISTFLAKE,QUARTZ,,0,13,7,2,,,,,,,,,0.1,
SPRING CAVE,D9/II,HBOL,20476,ANGFRAG,QUARTZ,,0,10,9,4,,,,,,,,,0.4,
SPRING CAVE,D9/II,HBOL,20477,BROKEFLAKE,QUARTZ,,0,12,8,2,,,,,,,,,0.2,
SPRING CAVE,D9/II,HBOL,20478,ANGFRAG,QUARTZ,,0,11,5,3,,,,,,,,,0.3,BPCORE
SPRING CAVE,D9/II,HBOL,20479,ANGFRAG,QUARTZ,,0,11,5,3,,,,,,,,,0.3,BPCORE
SPRING CAVE,D9/II,HBOL,20480,ANGFRAG,QUARTZ,,0,9,4,3,,,,,,,,,0.1,BPCORE
SPRING CAVE,D9/II,HBOL,20481,BROKETOOL,QUARTZ,,0,12,5,3,,,,,,,,,0.1,
SPRING CAVE,D9/II,HBOL,20482,ANGFRAGTOOL,QUARTZ,,0,10,7,4,,,,,,,,,0.2,
SPRING CAVE,D9/II,HBOL,20484,BROKEFLAKE,QUARTZITE,,0,18,15,4,,,,,,,,,0.9,
SPRING CAVE,D9/II,HBOL,20485,COMPLETETOOL,QUARTZ,,0,15,10,3,,,,,,,,,0.7,
SPRING CAVE,D9/I,HBSL,20584,ANGFRAG,QUARTZITE,,0,21,7,5,,,,,,,,,0.6,
SPRING CAVE,D9/I,HBSL,20585,ANGFRAG,QUARTZ,,0,18,9,7,,,,,,,,,1.2,BPCORE
SPRING CAVE,D9/I,HBSL,20586,ANGFRAG,QUARTZ,,0,19,18,8,,,,,,,,,2.4,BPCORE
SPRING CAVE,D9/I,HBSL,20588,BROKEFLAKE,QUARTZ,,0,22,16,10,,,,,,,,,2.8,
SPRING CAVE,D9/I,HBSL,20589,ANGFRAG,QUARTZ,,0,18,15,7,,,,,,,,,2.1,
SPRING CAVE,D9/I,HBSL,20590,ANGFRAG,QUARTZ,,0,13,7,6,,,,,,,,,0.4,
SPRING CAVE,D9/I,HBSL,20591,COMPFLAKE,QUARTZ,FEATHER,20,31,21,9,,,,,,,,,5.3,
SPRING CAVE,D9/I,HBSL,20592,COMPLETETOOL,QUARTZ,,0,25,14,4,,,,,,,,,1.2,BROKEN IN BAG
SPRING CAVE,I9,MIDDEN ALPHA,20629,SPLITFLAKE,SILCRETE,FEATHER,20,33,24,9,,,,,,,,,6.3,
SPRING CAVE,I9,MIDDEN BRAVO,20608,COMPFLAKE,QUARTZ,FEATHER,100,52,26,12,,,,,,,,,37.3,
SPRING CAVE,I9,MIDDEN BRAVO,20609,COMPFLAKE,QUARTZ,FEATHER,90,46,43,23,,,,,,,,,80.8,
SPRING CAVE,I9,MIDDEN BRAVO,20610,ANGFRAG,QUARTZ,,20,29,12,5,,,,,,,,,2.6,
SPRING CAVE,I9,MIDDEN CHARLIE,20840,ANGFRAGTOOL,QUARTZ,,0,18,10,5,,,,,,,,,1,ADZE
SPRING CAVE,I9,MIDDEN CHARLIE,20841,ANGFRAG,QUARTZ,,30,11,7,6,,,,,,,,,0.2,
SPRING CAVE,I9,MIDDEN DELTA,20620,COMPFLAKE,QUARTZ,FEATHER,0,10,10,4,5,4,90,,,,,,0.2,
SPRING CAVE,I9,MIDDEN DELTA,20619,ANGFRAG,SILCRETE,,0,18,10,2,,,,,,,,,0.4,
SPRING CAVE,I9,MIDDEN DELTA,20621,ANGFRAG,QUARTZ,,0,23,9,9,,,,,,,,,2,
SPRING CAVE,I9,MIDDEN DELTA,20623,ANGFRAG,QUARTZ,,0,13,5,6,,,,,,,,,0.2,
SPRING CAVE,I9,MIDDEN DELTA,20624,ANGFRAG,QUARTZ,,0,11,8,6,,,,,,,,,0.5,
SPRING CAVE,I9,MIDDEN ECHO,20720,COMPFLAKE,QUARTZ,HINGE,0,25,12,4,7,3,60,,,,,,0.9,
SPRING CAVE,I9,MIDDEN ECHO,20721,DISTFLAKE,QUARTZ,,70,16,11,3,,,,,,,,,0.5,
SPRING CAVE,I9,MIDDEN ECHO,20722,DISTFLAKE,QUARTZITE,,0,24,16,9,,,,,,,,,3.2,
SPRING CAVE,I9,MIDDEN ECHO,20723,ANGFRAG,QUARTZ,,0,20,9,7,,,,,,,,,1.7,
SPRING CAVE,I9,MIDDEN FOXTROT,20718,DISTFLAKE,HORNFELS,,0,27,15,6,,,,,,,,,2.1,
SPRING CAVE,I9,MIDDEN FOXTROT,20719,ANGFRAG,QUARTZ,,0,14,9,8,,,,,,,,,0.8,
SPRING CAVE,I9,NB3,20843,ANGFRAG,QUARTZITE,,0,15,12,5,,,,,,,,,0.8,
SPRING CAVE,I9,NB3,20844,BROKEFLAKE,QUARTZ,,20,12,9,7,,,,,,,,,0.3,
SPRING CAVE,I9,NB3,20845,COMPFLAKE,QUARTZ,FEATHER,0,15,10,3,,,,,,,,,0.3,
SPRING CAVE,I9,NB3,20846,ANGFRAG,QUARTZ,,90,23,11,5,,,,,,,,,1.4,
SPRING CAVE,I9,NB3,20847,ANGFRAG,QUARTZ,,60,12,9,5,,,,,,,,,0.6,
SPRING CAVE,I9,NB3,20848,BROKEFLAKE,QUARTZ,,30,15,10,3,,,,,,,,,0.4,
SPRING CAVE,I9,NB3,20849,ANGFRAG,QUARTZ,,0,10,5,3,,,,,,,,,0.1,
SPRING CAVE,I9,NEXT BLACK 2,20829,BROKEFLAKE,QUARTZITE,,0,17,14,3,,,,,,,,,0.8,
SPRING CAVE,I9,NEXT BLACK 2,20830,ANGFRAG,QUARTZ,,0,18,12.7,10,,,,,,,,,1.8,
SPRING CAVE,I9,NEXT BLACK 2,20831,ANGFRAG,QUARTZ,,60,18,14,8,,,,,,,,,1.1,
SPRING CAVE,I9,NEXT BLACK 4,20630,ANGFRAG,QUARTZ,,100,33,32,8,,,,,,,,,13,
SPRING CAVE,I9,NEXT BLACK I,20674,PROXFLAKE,SILCRETE,NA,0,27,13,6,4,2,90,,,,,,1.6,
SPRING CAVE,I9,NEXT BLACK I,20662,COMPFLAKE,QUARTZ,FEATHER,0,10,8,2,6,1.8,80,,,,,,0.1,
SPRING CAVE,I9,NEXT BLACK I,20681,COMPFLAKE,QUARTZ,FEATHER,0,22,13,3,6,2,70,,,,,,0.4,
SPRING CAVE,I9,NEXT BLACK I,20699,COMPFLAKE,QUARTZ,FEATHER,0,14,13,2,5,2,70,,,,,,0.3,
SPRING CAVE,I9,NEXT BLACK I,20640,COMPFLAKE,QUARTZ,FEATHER,70,34,33,15,,,,,,,,,20.9,
SPRING CAVE,I9,NEXT BLACK I,20641,PROXFLAKE,SILCRETE,,0,22,21,4,,,,,,,,,1.7,
SPRING CAVE,I9,NEXT BLACK I,20642,DISTTOOL,SILCRETE,,0,19,13,5,,,,,,,,,1.2,
SPRING CAVE,I9,NEXT BLACK I,20643,ANGFRAG,QUARTZ,,0,16,10,3,,,,,,,,,0.5,
SPRING CAVE,I9,NEXT BLACK I,20644,ANGFRAG,QUARTZ,,0,19,13,5,,,,,,,,,0.8,
SPRING CAVE,I9,NEXT BLACK I,20645,ANGFRAG,QUARTZ,,0,14,12,9,,,,,,,,,1.5,
SPRING CAVE,I9,NEXT BLACK I,20646,ANGFRAG,QUARTZ,,0,14,5,2,,,,,,,,,0.1,
SPRING CAVE,I9,NEXT BLACK I,20647,ANGFRAG,QUARTZ,,0,13,7,3,,,,,,,,,0.3,
SPRING CAVE,I9,NEXT BLACK I,20648,ANGFRAG,QUARTZ,,0,22,13,9,,,,,,,,,1.8,
SPRING CAVE,I9,NEXT BLACK I,20649,ANGFRAG,QUARTZ,,0,11,9,4,,,,,,,,,0.3,
SPRING CAVE,I9,NEXT BLACK I,20650,ANGFRAG,QUARTZ,,0,12,10,4.8,,,,,,,,,0.2,
SPRING CAVE,I9,NEXT BLACK I,20651,BROKEFLAKE,QUARTZ,,0,32,18,9,,,,,,,,,5.7,
SPRING CAVE,I9,NEXT BLACK I,20652,ANGFRAG,QUARTZ,,20,22,8,5,,,,,,,,,1,
SPRING CAVE,I9,NEXT BLACK I,20653,ANGFRAG,QUARTZ,,0,13,6,3,,,,,,,,,0.1,
SPRING CAVE,I9,NEXT BLACK I,20654,ANGFRAG,QUARTZ,,0,14,9,6,,,,,,,,,0.9,
SPRING CAVE,I9,NEXT BLACK I,20655,ANGFRAG,QUARTZ,,0,13,6,5,,,,,,,,,0.4,
SPRING CAVE,I9,NEXT BLACK I,20656,BROKEFLAKE,QUARTZ,,0,14,6,3,,,,,,,,,0.2,
SPRING CAVE,I9,NEXT BLACK I,20657,ANGFRAG,QUARTZ,,0,10,4,3,,,,,,,,,0.1,
SPRING CAVE,I9,NEXT BLACK I,20658,ANGFRAG,QUARTZ,,0,11,5,3,,,,,,,,,0.1,
SPRING CAVE,I9,NEXT BLACK I,20659,BROKEFLAKE,QUARTZ,,0,12,9,3,,,,,,,,,0.2,
SPRING CAVE,I9,NEXT BLACK I,20660,ANGFRAG,QUARTZ,,0,11,5,2,,,,,,,,,0.1,
SPRING CAVE,I9,NEXT BLACK I,20661,ANGFRAG,QUARTZ,,100,11,7,3,,,,,,,,,0.1,
SPRING CAVE,I9,NEXT BLACK I,20663,ANGFRAG,QUARTZ,,0,14,7,4,,,,,,,,,0.2,
SPRING CAVE,I9,NEXT BLACK I,20664,ANGFRAG,QUARTZ,,100,18,16,8,,,,,,,,,2.5,
SPRING CAVE,I9,NEXT BLACK I,20665,ANGFRAG,QUARTZ,,40,29,20,15,,,,,,,,,9.1,
SPRING CAVE,I9,NEXT BLACK I,20666,ANGFRAG,QUARTZ,,30,17,15,6,,,,,,,,,1.4,
SPRING CAVE,I9,NEXT BLACK I,20667,ANGFRAG,QUARTZ,,80,16,8,7,,,,,,,,,1,
SPRING CAVE,I9,NEXT BLACK I,20668,PROXFLAKE,OTHER,,0,20,13,2,,,,,,,,,0.5,POSSIBLE QUARTZITE?
SPRING CAVE,I9,NEXT BLACK I,20669,COMPFLAKE,OTHER,FEATHER,20,17,13,5,,,,,,,,,1.2,POSSIBLE QUARTZITE?
SPRING CAVE,I9,NEXT BLACK I,20670,ANGFRAG,CCS,,10,10,6,2,,,,,,,,,0.1,
SPRING CAVE,I9,NEXT BLACK I,20671,PROXFLAKE,CCS,,0,17,9,5,,,,,,,,,0.5,
SPRING CAVE,I9,NEXT BLACK I,20672,PROXFLAKE,CCS,,0,10,6,2,,,,,,,,,0.1,
SPRING CAVE,I9,NEXT BLACK I,20673,PROXFLAKE,CCS,,0,11,10,1,,,,,,,,,0.1,
SPRING CAVE,I9,NEXT BLACK I,20675,COMPLETETOOL,CCS,,10,16,15,6,,,,,,,,,1.2,SCRAPER
SPRING CAVE,I9,NEXT BLACK I,20676,ANGFRAG,HORNFELS,,0,20,15,6,,,,,,,,,0.8,
SPRING CAVE,I9,NEXT BLACK I,20677,COMPFLAKE,QUARTZITE,FEATHER,10,13,9,4,,,,,,,,,0.4,
SPRING CAVE,I9,NEXT BLACK I,20678,ANGFRAG,QUARTZ,,0,17,12,7,,,,,,,,,1,BPCORE
SPRING CAVE,I9,NEXT BLACK I,20679,ANGFRAG,CCS,,0,15,8,7,,,,,,,,,0.7,
SPRING CAVE,I9,NEXT BLACK I,20680,BROKEFLAKE,QUARTZ,,0,22,2,7,,,,,,,,,1.5,
SPRING CAVE,I9,NEXT BLACK I,20682,ang,QUARTZ,,0,19,13,5,,,,,,,,,1,
SPRING CAVE,I9,NEXT BLACK I,20683,COMPFLAKE,QUARTZ,FEATHER,10,17,12,3,,,,,,,,,0.6,
SPRING CAVE,I9,NEXT BLACK I,20684,ANGFRAG,QUARTZ,,0,17,13,3,,,,,,,,,0.4,
SPRING CAVE,I9,NEXT BLACK I,20685,BROKEFLAKE,QUARTZ,,0,20,1,6,,,,,,,,,1.1,
SPRING CAVE,I9,NEXT BLACK I,20686,ANGFRAG,QUARTZ,,0,19,12,6,,,,,,,,,1.1,
SPRING CAVE,I9,NEXT BLACK I,20687,COMPFLAKE,QUARTZ,FEATHER,0,18,4,3,,,,,,,,,0.6,
SPRING CAVE,I9,NEXT BLACK I,20688,BROKEFLAKE,QUARTZ,,30,16,13,4,,,,,,,,,0.7,
SPRING CAVE,I9,NEXT BLACK I,20689,BROKEFLAKE,QUARTZ,,0,17,7,3,,,,,,,,,0.2,
SPRING CAVE,I9,NEXT BLACK I,20690,DISTFLAKE,QUARTZ,,0,18,7,5,,,,,,,,,0.6,
SPRING CAVE,I9,NEXT BLACK I,20691,ANGFRAG,QUARTZ,,50,18,7,6,,,,,,,,,0.7,
SPRING CAVE,I9,NEXT BLACK I,20692,DISTFLAKE,QUARTZ,,0,12,8,3,,,,,,,,,0.2,
SPRING CAVE,I9,NEXT BLACK I,20693,ANGFRAG,QUARTZ,,0,15,9,3,,,,,,,,,0.5,
SPRING CAVE,I9,NEXT BLACK I,20694,DISTFLAKE,QUARTZ,,0,13,12,3,,,,,,,,,0.6,
SPRING CAVE,I9,NEXT BLACK I,20695,ANGFRAG,QUARTZ,,0,13,9,3,,,,,,,,,0.1,11
SPRING CAVE,I9,NEXT BLACK I,20698,DISTFLAKE,QUARTZ,,0,11,8,4,,,,,,,,,0.4,
SPRING CAVE,I9,NEXT BLACK I,20700,ANGFRAG,,,0,10,9,3,,,,,,,,,0.1,
SPRING CAVE,I9,NEXT BLACK I,20701,ANGFRAG,QUARTZ,,0,12,9,5,,,,,,,,,0.4,
SPRING CAVE,I9,NEXT BLACK I,20702,ANGFRAG,QUARTZ,,0,16,0,2,,,,,,,,,0.1,0.3
SPRING CAVE,I9,NEXT BLACK I,20703,BROKEFLAKE,QUARTZ,,0,10,8,1,,,,,,,,,0.1,
SPRING CAVE,I9,NEXT BLACK I,20704,PROXFLAKE,QUARTZ,,0,11,7,3,,,,,,,,,0.1,
SPRING CAVE,I9,NEXT BLACK I,20705,DISTFLAKE,QUARTZ,,0,12,10,3,,,,,,,,,0.2,
SPRING CAVE,I9,NEXT BLACK I,20706,ANGFRAG,QUARTZ,,100,11,10,3,,,,,,,,,0.1,
SPRING CAVE,I9,NEXT BLACK I,20707,ANGFRAG,QUARTZ,,0,11,11,5,,,,,,,,,0.6,
SPRING CAVE,I9,NEXT BLACK I,20708,BROKEFLAKE,QUARTZ,,0,15,10,3,,,,,,,,,0.4,
SPRING CAVE,I9,NEXT BLACK I,20709,ANGFRAG,QUARTZ,,0,11,6,2,,,,,,,,,0.1,
SPRING CAVE,I9,NEXT BLACK I,20710,COMPFLAKE,QUARTZITE,FEATHER,0,34,20,14,,,,,,,,,7.7,
SPRING CAVE,I9,NEXT BLACK I,20711,ANGFRAG,SILCRETE,,0,10,7,5,,,,,,,,,0.2,
SPRING CAVE,I9,NEXT BLACK I,20712,ANGFRAG,SILCRETE,,0,15,8,4,,,,,,,,,0.2,
SPRING CAVE,D9/II,ORGANIC LOAM 1,20291,ANGFRAG,QUARTZITE,,10,26,22,5.5,,,,,,,,,3,
SPRING CAVE,D9/II,ORGANIC LOAM 1,20292,ANGFRAG,QUARTZ,,20,22,15,6,,,,,,,,,1.5,
SPRING CAVE,D9/I,ORGANIC LOAM 1,20541,COMPLETETOOL,QUARTZ,,0,11,7,3,,,,,,,,,0.2,
SPRING CAVE,D9/I,ORGANIC LOAM 1,20542,COMPFLAKE,QUARTZ,FEATHER,20,25,16,8,,,,,,,,,3,
SPRING CAVE,D9/I,ORGANIC LOAM 1,20543,MEDIALFLAKE,QUARTZ,,0,21,14,3,,,,,,,,,0.9,
SPRING CAVE,D9/I,ORGANIC LOAM 1,20544,BROKEFLAKE,QUARTZ,,60,15,7,7,,,,,,,,,0.8,
SPRING CAVE,D9/I,ORGANIC LOAM 1,20545,COMPFLAKE,QUARTZ,PLUNGE,0,14,6,3,,,,,,,,,0.2,
SPRING CAVE,D9/I,ORGANIC LOAM 1,20546,ANGFRAG,QUARTZ,,0,13,7,4,,,,,,,,,0.3,
SPRING CAVE,D9/I,ORGANIC LOAM 1,20547,DISTTOOL,QUARTZ,,0,10,9,2,,,,,,,,,0.1,
SPRING CAVE,D9/I,ORGANIC LOAM 1,20548,COMPFLAKE,QUARTZ,FEATHER,0,12,9,2,,,,,,,,,0.1,
SPRING CAVE,D9/I,ORGANIC LOAM 1,20549,PROXFLAKE,QUARTZ,,0,13,7,2,,,,,,,,,0.1,
SPRING CAVE,D9/I,ORGANIC LOAM 1,20550,COMPLETETOOL,QUARTZ,,0,11,5,2,,,,,,,,,0.1,
SPRING CAVE,D9/I,ORGANIC LOAM 1,20551,ANGFRAG,QUARTZ,,0,27,13,7,,,,,,,,,2.1,
SPRING CAVE,D9/I,ORGANIC LOAM 1,20552,BROKEFLAKE,QUARTZ,,0,12,6,5,,,,,,,,,0.1,
SPRING CAVE,D9/I,ORGANIC LOAM 1,20553,COMPFLAKE,QUARTZ,NA,0,18,10,7,,,,,,,,,1.4,
SPRING CAVE,D9/I,ORGANIC LOAM 1,20554,SPLITFLAKE,QUARTZ,,0,13,7,4,,,,,,,,,0.2,
SPRING CAVE,D9/I,ORGANIC LOAM 1,20555,ANGFRAG,QUARTZ,,0,27,12,7,,,,,,,,,1.6,
SPRING CAVE,D9/I,ORGANIC MIDDEN,20254,COMPFLAKE,QUARTZ,FEATHER,0,22,13,,8,3,,,,,,,1.5,
SPRING CAVE,D9/I,ORGANIC MIDDEN,20250,COMPFLAKE,QUARTZ,FEATHER,0,29,15,8,7,2,,,,,,,2.9,
SPRING CAVE,D9/I,ORGANIC MIDDEN,20287,COMPFLAKE,QUARTZITE,FEATHER,10,18,15,4,12,4,90,,,,,,0.9,
SPRING CAVE,D9/II,ORGANIC MIDDEN,20516,COMPFLAKE,QUARTZ,FEATHER,0,12,7,4,6,4,90,,,,,,0.4,
SPRING CAVE,D9/II,ORGANIC MIDDEN,20518,COMPFLAKE,QUARTZ,FEATHER,0,12,11,4,9,3,90,,,,,,0.4,
SPRING CAVE,D9/II,ORGANIC MIDDEN,20520,COMPFLAKE,QUARTZ,FEATHER,0,12,6,3,4,2,90,,,,,,0.1,
SPRING CAVE,D9/I,ORGANIC MIDDEN,20257,COMPFLAKE,QUARTZ,FEATHER,0,16,10,3,10,2,80,,,,,,0.4,
SPRING CAVE,D9/I,ORGANIC MIDDEN,20258,COMPFLAKE,QUARTZ,FEATHER,0,16,13,3,7,2,80,,,,,,0.1,
SPRING CAVE,D9/I,ORGANIC MIDDEN,20262,COMPFLAKE,QUARTZ,FEATHER,100,15,9,2,6,2,80,,,,,,0.1,
SPRING CAVE,D9/I,ORGANIC MIDDEN,20163,ANGFRAG,QUARTZ,,100,16,12,5,,,,,,,,,0.7,
SPRING CAVE,D9/I,ORGANIC MIDDEN,20208,ANGFRAG,QUARTZ,,0,11,9,2,,,,,,,,,0.2,
SPRING CAVE,D9/I,ORGANIC MIDDEN,20209,ANGFRAG,QUARTZ,,0,10,3,3,,,,,,,,,0.1,
SPRING CAVE,D9/I,ORGANIC MIDDEN,20210,BROKEFLAKE,QUARTZ,,0,12,6,2,,,,,,,,,0.01,
SPRING CAVE,D9/I,ORGANIC MIDDEN,20211,ANGFRAG,QUARTZ,,0,12,8,3,,,,,,,,,0.2,
SPRING CAVE,D9/I,ORGANIC MIDDEN,20212,BROKEFLAKE,QUARTZ,,0,11,6,3,,,,,,,,,0.1,
SPRING CAVE,D9/I,ORGANIC MIDDEN,20213,ANGFRAG,QUARTZ,,0,11,5,2,,,,,,,,,0.1,10
SPRING CAVE,D9/I,ORGANIC MIDDEN,20214,ANGFRAG,QUARTZ,,0,11,7,5,,,,,,,,,0.3,
SPRING CAVE,D9/I,ORGANIC MIDDEN,20239,ANGFRAG,QUARTZ,,60,29,21,15,,,,,,,,,8.1,
SPRING CAVE,D9/I,ORGANIC MIDDEN,20240,ANGFRAG,QUARTZ,,80,46,40,33,,,,,,,,,45.5,
SPRING CAVE,D9/I,ORGANIC MIDDEN,20241,ANGFRAG,QUARTZ,,100,27,19,9,,,,,,,,,6.1,BPCORE
SPRING CAVE,D9/I,ORGANIC MIDDEN,20242,ANGFRAG,QUARTZ,,10,30,19,16,,,,,,,,,10,BPCORE
SPRING CAVE,D9/I,ORGANIC MIDDEN,20243,ANGFRAGTOOL,QUARTZ,,0,23,21,11,,,,,,,,,5.1,
SPRING CAVE,D9/I,ORGANIC MIDDEN,20244,ANGFRAG,QUARTZ,,0,11,7,2,,,,,,,,,0.1,
SPRING CAVE,D9/I,ORGANIC MIDDEN,20245,ANGFRAG,QUARTZ,,0,10,7,2,,,,,,,,,0.1,
SPRING CAVE,D9/I,ORGANIC MIDDEN,20246,ANGFRAG,QUARTZ,,0,11,5,4,,,,,,,,,0.1,
SPRING CAVE,D9/I,ORGANIC MIDDEN,20247,ANGFRAG,QUARTZ,,0,11,5,2,,,,,,,,,0.1,11
SPRING CAVE,D9/I,ORGANIC MIDDEN,20248,ANGFRAG,QUARTZ,,50,11,5,3,,,,,,,,,0.1,
SPRING CAVE,D9/I,ORGANIC MIDDEN,20249,ANGFRAG,QUARTZ,,0,23,16,6,,,,,,,,,2.2,UTILISED FLAKE
SPRING CAVE,D9/I,ORGANIC MIDDEN,20251,PROXTOOL,QUARTZ,NA,0,23,15,5,2,1,,,,,,,2.1,
SPRING CAVE,D9/I,ORGANIC MIDDEN,20252,COMPFLAKE,QUARTZ,NA,0,20,13,4,8,1,,,,,,,0.8,
SPRING CAVE,D9/I,ORGANIC MIDDEN,20253,ANGFRAG,QUARTZ,,0,12,10,4,,,,,,,,,0.4,
SPRING CAVE,D9/I,ORGANIC MIDDEN,20255,ANGFRAG,QUARTZ,,0,13,9,3,,,,,,,,,0.4,
SPRING CAVE,D9/I,ORGANIC MIDDEN,20256,ANGFRAG,QUARTZ,,0,19,10,4,,,,,,,,,0.7,
SPRING CAVE,D9/I,ORGANIC MIDDEN,20260,ANGFRAG,QUARTZ,,0,11,5,2,,,,,,,,,0.1,
SPRING CAVE,D9/I,ORGANIC MIDDEN,20261,ANGFRAG,QUARTZ,,0,12,7,2,,,,,,,,,0.1,
SPRING CAVE,D9/I,ORGANIC MIDDEN,20263,ANGFRAG,QUARTZ,,0,14,9,3,,,,,,,,,0.6,
SPRING CAVE,D9/I,ORGANIC MIDDEN,20264,ANGFRAG,QUARTZ,,0,10,7,2,,,,,,,,,0.1,
SPRING CAVE,D9/I,ORGANIC MIDDEN,20265,ANGFRAG,QUARTZ,,0,13,8,2,,,,,,,,,0.2,
SPRING CAVE,D9/I,ORGANIC MIDDEN,20266,ANGFRAG,QUARTZ,,0,18,14,6,,,,,,,,,1.6,
SPRING CAVE,D9/I,ORGANIC MIDDEN,20267,ANGFRAG,QUARTZ,,80,33,20,14,,,,,,,,,8,
SPRING CAVE,D9/I,ORGANIC MIDDEN,20268,ANGFRAG,QUARTZ,,30,34,25,15,,,,,,,,,8.6,
SPRING CAVE,D9/I,ORGANIC MIDDEN,20269,ANGFRAG,QUARTZ,,80,19,16,5,,,,,,,,,1.5,
SPRING CAVE,D9/I,ORGANIC MIDDEN,20271,ANGFRAG,QUARTZ,,0,27,8,7,,,,,,,,,1.5,
SPRING CAVE,D9/I,ORGANIC MIDDEN,20272,ANGFRAG,QUARTZ,,0,27,9,9,,,,,,,,,1.6,
SPRING CAVE,D9/I,ORGANIC MIDDEN,20273,ANGFRAG,QUARTZ,,30,14,6,6,,,,,,,,,0.4,
SPRING CAVE,D9/I,ORGANIC MIDDEN,20274,ANGFRAG,QUARTZ,,0,23,17,6,,,,,,,,,2,
SPRING CAVE,D9/I,ORGANIC MIDDEN,20275,ANGFRAG,QUARTZ,,0,21,15,10,,,,,,,,,2.3,
SPRING CAVE,D9/I,ORGANIC MIDDEN,20276,ANGFRAG,QUARTZ,,20,21,10,8,,,,,,,,,1.2,
SPRING CAVE,D9/I,ORGANIC MIDDEN,20277,ANGFRAG,QUARTZ,,0,14,12,4,,,,,,,,,0.7,
SPRING CAVE,D9/I,ORGANIC MIDDEN,20278,ANGFRAG,QUARTZ,,0,16,5,3,,,,,,,,,0.4,
SPRING CAVE,D9/I,ORGANIC MIDDEN,20279,ANGFRAG,QUARTZ,,0,14,8,5,,,,,,,,,0.7,
SPRING CAVE,D9/I,ORGANIC MIDDEN,20280,ANGFRAG,QUARTZ,,0,14,8,3,,,,,,,,,0.2,
SPRING CAVE,D9/I,ORGANIC MIDDEN,20281,ANGFRAG,QUARTZ,,0,11,4,3,,,,,,,,,0.1,
SPRING CAVE,D9/I,ORGANIC MIDDEN,20282,ANGFRAG,QUARTZ,,50,13,8,5,,,,,,,,,0.4,
SPRING CAVE,D9/I,ORGANIC MIDDEN,20283,ANGFRAG,QUARTZ,,0,11,7,2,,,,,,,,,0.1,
SPRING CAVE,D9/I,ORGANIC MIDDEN,20284,ANGFRAG,QUARTZITE,,10,24,20,6,,,,,,,,,2.7,
SPRING CAVE,D9/I,ORGANIC MIDDEN,20285,ANGFRAG,QUARTZITE,,0,17,10,6,,,,,,,,,0.8,
SPRING CAVE,D9/I,ORGANIC MIDDEN,20286,ANGFRAG,QUARTZITE,,0,26,14,4,,,,,,,,,1.5,
SPRING CAVE,D9/I,ORGANIC MIDDEN,20288,ANGFRAG,QUARTZITE,,0,11,7,2,,,,,,,,,0.1,
SPRING CAVE,D9/I,ORGANIC MIDDEN,20289,ANGFRAG,QUARTZITE,,0,16,9,3,,,,,,,,,0.6,
SPRING CAVE,D9/II,ORGANIC MIDDEN,20493,ANGFRAG,QUARTZ,,0,11,7,5,,,,,,,,,0.3,BPCORE
SPRING CAVE,D9/II,ORGANIC MIDDEN,20494,BROKEFLAKE,QUARTZ,,80,36,35,14,,,,,,,,,17.8,
SPRING CAVE,D9/II,ORGANIC MIDDEN,20495,CORE,QUARTZ,,30,26,15,11,,,,2,12,1,1,0,4.5,ANGFRAGCORE
SPRING CAVE,D9/II,ORGANIC MIDDEN,20496,ANGFRAG,QUARTZ,,0,21,11,7,,,,,,,,,2.5,
SPRING CAVE,D9/II,ORGANIC MIDDEN,20497,ANGFRAG,QUARTZ,,0,28,11,6,,,,,,,,,2.5,
SPRING CAVE,D9/II,ORGANIC MIDDEN,20498,ANGFRAG,QUARTZ,,0,20,15,5,,,,,,,,,1.5,
SPRING CAVE,D9/II,ORGANIC MIDDEN,20499,ANGFRAG,QUARTZ,,0,14,9,6,,,,,,,,,0.9,
SPRING CAVE,D9/II,ORGANIC MIDDEN,20500,ANGFRAG,QUARTZ,,0,16,10,8,,,,,,,,,0.8,
SPRING CAVE,D9/II,ORGANIC MIDDEN,20501,ANGFRAG,QUARTZ,,0,16,7,5,,,,,,,,,0.6,
SPRING CAVE,D9/II,ORGANIC MIDDEN,20502,ANGFRAG,QUARTZ,,0,11,8,5,,,,,,,,,0.3,
SPRING CAVE,D9/II,ORGANIC MIDDEN,20503,ANGFRAG,QUARTZ,,0,12,4,3,,,,,,,,,0.1,
SPRING CAVE,D9/II,ORGANIC MIDDEN,20504,BROKEFLAKE,QUARTZ,,10,19,7,3,,,,,,,,,0.2,
SPRING CAVE,D9/II,ORGANIC MIDDEN,20505,ANGFRAG,QUARTZ,,20,13,11,5,,,,,,,,,0.5,
SPRING CAVE,D9/II,ORGANIC MIDDEN,20506,ANGFRAG,QUARTZ,,0,14,11,4,,,,,,,,,0.5,
SPRING CAVE,D9/II,ORGANIC MIDDEN,20507,ANGFRAG,QUARTZ,,0,13,5,4,,,,,,,,,0.2,
SPRING CAVE,D9/II,ORGANIC MIDDEN,20508,BROKEFLAKE,QUARTZ,,0,10,7,3,,,,,,,,,0.2,
SPRING CAVE,D9/II,ORGANIC MIDDEN,20509,COMPFLAKE,QUARTZITE,FEATHER,0,26,19,9,,,,,,,,,3.4,
SPRING CAVE,D9/II,ORGANIC MIDDEN,20510,ANGFRAG,QUARTZITE,,0,14,10,4,,,,,,,,,0.6,
SPRING CAVE,D9/II,ORGANIC MIDDEN,20511,COMPFLAKE,QUARTZ,FEATHER,10,22,21,4,,,,,,,,,1.3,
SPRING CAVE,D9/II,ORGANIC MIDDEN,20512,ANGFRAG,QUARTZ,,10,28,13,11,,,,,,,,,3.6,
SPRING CAVE,D9/II,ORGANIC MIDDEN,20513,DISTFLAKE,QUARTZ,,0,25,23,6,,,,,,,,,3,
SPRING CAVE,D9/II,ORGANIC MIDDEN,20514,BROKEFLAKE,QUARTZ,,50,17,13,3,,,,,,,,,0.7,
SPRING CAVE,D9/II,ORGANIC MIDDEN,20515,ANGFRAG,QUARTZ,,0,14,8,3,,,,,,,,,0.2,
SPRING CAVE,D9/II,ORGANIC MIDDEN,20517,BROKEFLAKE,QUARTZ,,0,14,8,2,,,,,,,,,0.1,
SPRING CAVE,D9/II,ORGANIC MIDDEN,20519,PROXFLAKE,QUARTZ,,0,11,8,4,,,,,,,,,0.2,
SPRING CAVE,D9/II,ORGANIC MIDDEN,20521,BROKEFLAKE,QUARTZ,,0,10,8,2,,,,,,,,,0.1,
SPRING CAVE,D9/II,ORGANIC MIDDEN,20522,ANGFRAG,QUARTZ,,0,13,7,4,,,,,,,,,0.1,
SPRING CAVE,D9/II,ORGANIC MIDDEN,20523,BROKEFLAKE,QUARTZ,,80,11,6,3,,,,,,,,,0.2,
SPRING CAVE,D9/II,ORGANIC MIDDEN 2,20486,BROKEFLAKE,QUARTZITE,,0,49,29,11,,,,,,,,,11.7,
SPRING CAVE,D9/II,ORGANIC MIDDEN 2,20487,BROKEFLAKE,QUARTZ,,0,18,15,7,,,,,,,,,1.8,
SPRING CAVE,D9/II,ORGANIC MIDDEN 2,20488,ANGFRAG,QUARTZ,,0,11,5,3,,,,,,,,,0.2,
SPRING CAVE,D9/II,ORGANIC MIDDEN 2,20489,COMPFLAKE,QUARTZ,FEATHER,0,12,4,2,,,,,,,,,0.1,
SPRING CAVE,D9/II,ORGANIC MIDDEN 2,20490,ANGFRAG,QUARTZ,,0,11,5,3,,,,,,,,,0.2,
SPRING CAVE,D9/II,ORGANIC MIDDEN 2,20491,COMPFLAKE,QUARTZ,FEATHER,0,12,8,3,,,,,,,,,0.2,
SPRING CAVE,D9/II,ORGANIC MIDDEN 2,20492,PROXTOOL,QUARTZ,,0,26,13,6,,,,,,,,,2.2,
SPRING CAVE,D9/I,ORGANIC MIDDEN 2,20576,ANGFRAG,QUARTZ,,0,18,11,7,,,,,,,,,1.2,
SPRING CAVE,D9/I,ORGANIC MIDDEN 2,20577,ANGFRAG,QUARTZ,,20,22,18,14,,,,,,,,,5,
SPRING CAVE,D9/I,ORGANIC MIDDEN 2,20578,COMPFLAKE,QUARTZ,FEATHER,20,35,19,7,,,,,,,,,5.3,
SPRING CAVE,D9/I,ORGANIC MIDDEN 2,20579,DISTFLAKE,QUARTZ,,0,14,11,4,,,,,,,,,0.4,
SPRING CAVE,D9/I,ORGANIC MIDDEN 2,20580,ANGFRAG,QUARTZ,,0,16,12,3,,,,,,,,,0.6,
SPRING CAVE,D9/I,ORGANIC MIDDEN 2,20581,BROKEFLAKE,QUARTZ,,0,15,9,3,,,,,,,,,0.5,
SPRING CAVE,D9/I,ORGANIC MIDDEN 2,20582,DISTFLAKE,QUARTZ,,0,10,8,2,,,,,,,,,0.1,
SPRING CAVE,D9/I,ORGANIC MIDDEN 2,20583,BROKEFLAKE,QUARTZ,,0,12,12,2,,,,,,,,,0.1,
SPRING CAVE,I9,ROOTS,20123,COMPLETETOOL,QUARTZ,,0,11,10,4,,,,,,,,,0.5,
SPRING CAVE,I9,ROOTS,20832,ANGFRAG,QUARTZ,,90,14,6,5,,,,,,,,,0.5,
SPRING CAVE,I9,ROOTS,20833,COMPFLAKE,QUARTZ,FEATHER,40,31,28,13,,,,,,,,,9.3,
SPRING CAVE,I9,ROOTS,20834,SPLITFLAKE,SILCRETE,,0,21,15,7,,,,,,,,,1.9,
SPRING CAVE,I9,ROOTS,20835,COMPFLAKE,QUARTZITE,FEATHER,0,22,1,6,,,,,,,,,1.2,
SPRING CAVE,D9/I,SHELLY LOAM,20296,ANGFRAG,QUARTZITE,,30,28,21,14,,,,,,,,,7.5,
SPRING CAVE,D9/I,SOIL WITH SHELL,20184,ANGFRAG,QUARTZ,,100,14,7,4,,,,,,,,,0.5,
SPRING CAVE,D9/I,SOIL WITH SHELL,20185,ANGFRAG,QUARTZ,,0,16,11,5,,,,,,,,,0.6,
SPRING CAVE,D9/I,SOIL WITH SHELL,20186,ANGFRAG,QUARTZ,,90,11,8,4,,,,,,,,,0.2,
SPRING CAVE,D9/I,SOIL WITH SHELL,20187,ANGFRAG,QUARTZ,,10,12,9,4,,,,,,,,,0.2,
SPRING CAVE,D9/I,SURFACE,20007,COMPFLAKE,QUARTZ,FEATHER,10,32,19,7,14,4,,,,,,,5,
SPRING CAVE,D9/I,SURFACE,20006,COMPFLAKE,QUARTZ,FEATHER,10,26,24,6,5,4,,,,,,,4,
SPRING CAVE,D9/I,SURFACE,20013,COMPFLAKE,QUARTZ,FEATHER,0,10,5,3,4,3,,,,,,,0.1,
SPRING CAVE,D9/I,SURFACE,20012,COMPFLAKE,QUARTZ,FEATHER,20,13,13,4,12,4,90,,,,,,0.1,
SPRING CAVE,D9/I,SURFACE,20014,COMPFLAKE,QUARTZ,FEATHER,0,11,4,2,3,1,90,,,,,,0.1,
SPRING CAVE,D9/NORTH,SURFACE,20219,COMPFLAKE,QUARTZITE,STEP,0,14,13,4,11,5,90,,,,,,0.8,
SPRING CAVE,D9/NORTH,SURFACE,20228,COMPFLAKE,QUARTZ,FEATHER,0,13,7,2,13,2,90,,,,,,0.1,
SPRING CAVE,D9/I,SURFACE,20005,COMPFLAKE,QUARTZ,FEATHER,10,14,12,4,12,3,90,,,,,,0.1,
SPRING CAVE,D9/NORTH,SURFACE,20221,COMPFLAKE,QUARTZITE,FEATHER,80,22,18,7,12,7,70,,,,,,2.2,
SPRING CAVE,D9/I,SURFACE,20016,COMPFLAKE,QUARTZ,PLUNGE,0,10,8,4,9,5,50,,,,,,0.1,
SPRING CAVE,D9/I,SURFACE,20002,ANGFRAG,QUARTZ,,0,13,6,5,,,,,,,,,0.1,
SPRING CAVE,D9/I,SURFACE,20003,MEDIALFLAKE,QUARTZ,,0,15,7,3,,,,,,,,,0.1,
SPRING CAVE,D9/I,SURFACE,20004,ANGFRAG,QUARTZ,,40,16,8,5,,,,,,,,,0.1,
SPRING CAVE,D9/I,SURFACE,20007,PROXFLAKE,QUARTZITE,,0,25,16,4,,,,,,,,,2,
SPRING CAVE,D9/I,SURFACE,20008,PROXFLAKE,QUARTZ,,0,25,19,7,,,,,,,,,4,
SPRING CAVE,D9/I,SURFACE,20015,ANGFRAG,QUARTZ,,0,14,9,6,,,,,,,,,0,
SPRING CAVE,D9/I,SURFACE,20017,SPLITFLAKE,QUARTZ,,0,14,8,3,,,,,,,,,0.1,
SPRING CAVE,D9/NORTH,SURFACE,20215,CORE,QUARTZ,,60,39,33,29,,,,14,11,5,2,1,35.3,
SPRING CAVE,D9/NORTH,SURFACE,20216,ANGFRAG,QUARTZITE,,0,26,14,4,,,,,,,,,1.7,
SPRING CAVE,D9/NORTH,SURFACE,20217,ANGFRAG,QUARTZITE,,0,11,10,7,,,,,,,,,0.7,
SPRING CAVE,D9/NORTH,SURFACE,20218,ANGFRAG,QUARTZITE,,0,12,9,4,,,,,,,,,0.3,
SPRING CAVE,D9/NORTH,SURFACE,20220,ANGFRAG,QUARTZITE,,100,13,12,2,,,,,,,,,0.4,
SPRING CAVE,D9/NORTH,SURFACE,20222,ANGFRAG,QUARTZITE,,70,36,33,17,,,,,,,,,14.8,
SPRING CAVE,D9/NORTH,SURFACE,20223,COMPFLAKE,QUARTZ,FEATHER,0,31,27,11,16,7,,,,,,,7,
SPRING CAVE,D9/NORTH,SURFACE,20224,COMPFLAKE,QUARTZ,FEATHER,0,18,11,3,6,2,,,,,,,0.4,
SPRING CAVE,D9/NORTH,SURFACE,20225,ANGFRAG,QUARTZ,,0,18,21,5,,,,,,,,,1.1,
SPRING CAVE,D9/NORTH,SURFACE,20226,ANGFRAG,QUARTZ,,0,15,4,2,,,,,,,,,0.1,
SPRING CAVE,D9/NORTH,SURFACE,20227,COMPFLAKE,QUARTZ,FEATHER,0,11,5,2,2,1,,,,,,,0.1,
SPRING CAVE,D9/NORTH,SURFACE,20229,\,QUARTZ,,20,12,10,3,,,,,,,,,0.4,
SPRING CAVE,D9/NORTH,SURFACE,20230,ANGFRAG,QUARTZ,,0,19,8,3,,,,,,,,,0.5,
SPRING CAVE,D9/NORTH,SURFACE,20231,ANGFRAG,QUARTZ,,100,17,8,4,,,,,,,,,0.7,
SPRING CAVE,D9/NORTH,SURFACE,20232,ANGFRAG,QUARTZ,,50,15,10,5,,,,,,,,,0.7,
SPRING CAVE,D9/NORTH,SURFACE,20233,\,QUARTZ,,0,14,9,4,,,,,,,,,0.1,
SPRING CAVE,D9/NORTH,SURFACE,20234,ANGFRAG,QUARTZ,,0,14,11,9,,,,,,,,,1.4,
SPRING CAVE,D9/NORTH,SURFACE,20235,ANGFRAG,QUARTZ,,0,14,11,6,,,,,,,,,1.1,
SPRING CAVE,I9,UDF,20631,BROKEFLAKE,QUARTZ,,100,34,29,13,,,,,,,,,11.3,
SPRING CAVE,I9,UDF,20632,ANGFRAG,QUARTZ,,0,19,17,6,,,,,,,,,1.6,
SPRING CAVE,I9,UDF,20633,BROKEFLAKE,QUARTZ,,0,21,14,6,,,,,,,,,1.4,
SPRING CAVE,I9,UDF,20634,ANGFRAG,QUARTZ,,30,20,16,8,,,,,,,,,2.2,
SPRING CAVE,I9,UDF,20635,COMPLETETOOL,QUARTZ,,0,32,13,4,,,,,,,,,1.8,BACKED BLADE
SPRING CAVE,I9,UDF,20636,ANGFRAG,QUARTZ,,50,21,18,10,,,,,,,,,3.2,
SPRING CAVE,I9,UDF,20637,BROKEFLAKE,QUARTZ,,0,20,13,5,,,,,,,,,1.2,
SPRING CAVE,I9,UDF,20638,BROKEFLAKE,QUARTZ,,0,16,13,4,,,,,,,,,0.5,
SPRING CAVE,I9,UDF,20639,PROXFLAKE,QUARTZ,,0,35,29,15,,,,,,,,,10.6,
SPRING CAVE,I9,UDF,20798,COMPFLAKE,QUARTZ,FEATHER,100,30,20,13,,,,,,,,,7.2,
SPRING CAVE,I9,UDF,20799,BROKEFLAKE,QUARTZITE,,100,20,11,3,,,,,,,,,0.7,
SPRING CAVE,I9,UDF,20800,COMPFLAKE,QUARTZITE,NA,50,33,32,15,,,,,,,,,14.5,
SPRING CAVE,I9,UDF,20801,BROKEFLAKE,QUARTZITE,,0,20,16,4,,,,,,,,,1.7,
SPRING CAVE,I9,UDF,20802,PROXFLAKE,QUARTZITE,,0,22,19,8,,,,,,,,,1.9,
SPRING CAVE,I9,UDF,20803,ANGFRAG,QUARTZ,,90,14,11,9,,,,,,,,,1.7,
SPRING CAVE,I9,UDF,20804,ANGFRAG,QUARTZ,,80,14,9,6,,,,,,,,,0.8,
SPRING CAVE,I9,UDF,20805,ANGFRAG,QUARTZ,,100,15,11,5,,,,,,,,,0.8,
SPRING CAVE,I9,UDF,20806,ANGFRAG,QUARTZ,,90,11,5,5,,,,,,,,,0.1,
SPRING CAVE,I9,UDF,20807,ANGFRAG,QUARTZ,,70,22,9,6,,,,,,,,,,
SPRING CAVE,I9,UDF,20808,ANGFRAG,QUARTZ,,0,15,6,6,,,,,,,,,1,
SPRING CAVE,I9,UDF,20809,ANGFRAG,QUARTZ,,20,11,6,5,,,,,,,,,0.4,
SPRING CAVE,I9,UDF,20810,ANGFRAG,QUARTZ,,100,20,13,7,,,,,,,,,1.7,
SPRING CAVE,I9,UDF,20811,COMPFLAKE,QUARTZ,FEATHER,100,21,17,7,,,,,,,,,2.5,
SPRING CAVE,I9,UDF,20812,ANGFRAG,QUARTZ,,50,17,12,6,,,,,,,,,2.2,
SPRING CAVE,I9,UDF,20813,ANGFRAG,QUARTZ,,30,14,11,7,,,,,,,,,1,
SPRING CAVE,I9,UDF,20814,BROKEFLAKE,QUARTZ,,0,13,9,5,,,,,,,,,0.4,
SPRING CAVE,I9,UDF,20815,ANGFRAG,QUARTZ,,0,14,8,8,,,,,,,,,1.2,
SPRING CAVE,I9,UDF,20816,ANGFRAG,QUARTZ,,20,11,7,6,,,,,,,,,0.5,
SPRING CAVE,I9,UDF2,20117,COMPFLAKE,QUARTZ,FEATHER,100,10,7,3,7,3,60,,,,,,0.2,
SPRING CAVE,I9,UDF2,20118,ANGFRAG,QUARTZ,,100,10,6,4,,,,,,,,,0.1,
SPRING CAVE,I9,UDF2,20119,ANGFRAG,QUARTZ,,40,11,7,4,,,,,,,,,0.3,
SPRING CAVE,I9,UDF2,20120,ANGFRAG,QUARTZ,,0,10,7,5,,,,,,,,,0.3,
SPRING CAVE,I9,UDF2,20121,BROKEFLAKE,QUARTZ,,0,11,9,1,,,,,,,,,0.1,
SPRING CAVE,D9/I,VOL,20166,COMPFLAKE,SILCRETE,NA,0,24,12,4,9,4,,,,,,,2.1,
SPRING CAVE,D9/I,VOL,20176,COMPFLAKE,QUARTZ,FEATHER,30,11,9,4,9,4,90,,,,,,0.4,
SPRING CAVE,D9/I,VOL,20171,COMPFLAKE,QUARTZITE,FEATHER,10,14,12,3,9,3,80,,,,,,0.6,
SPRING CAVE,D9/II,VOL,20603,COMPFLAKE,QUARTZ,STEP,0,16,9,4,9,4,80,,,,,,0.5,
SPRING CAVE,D9/I,VOL,20569,COMPFLAKE,QUARTZ,FEATHER,0,19,14,5,10,5,70,,,,,,1,
SPRING CAVE,D9/I,VOL,20167,COMPLETETOOL,QUARTZ,,0,14,9,3,,,,,,,,,0.5,
SPRING CAVE,D9/I,VOL,20168,ANGFRAG,QUARTZ,,0,13,8,2,,,,,,,,,0.1,
SPRING CAVE,D9/I,VOL,20169,ANGFRAGTOOL,QUARTZ,,0,12,8,2,,,,,,,,,0.1,
SPRING CAVE,D9/I,VOL,20170,ANGFRAG,QUARTZ,,0,11,6,3,,,,,,,,,0.1,
SPRING CAVE,D9/I,VOL,20172,BROKEFLAKE,QUARTZ,,0,13,3,3,,,,,,,,,0.1,
SPRING CAVE,D9/I,VOL,20173,ANGFRAG,QUARTZ,,0,10,3,2,,,,,,,,,0.1,
SPRING CAVE,D9/I,VOL,20174,ANGFRAG,QUARTZ,,0,10,6,2,,,,,,,,,0.1,
SPRING CAVE,D9/I,VOL,20175,COMPFLAKE,QUARTZ,FEATHER,60,10,6,3,2,2,,,,,,,0.1,
SPRING CAVE,D9/I,VOL,20177,ANGFRAG,QUARTZ,,0,11,5,4,,,,,,,,,0.1,
SPRING CAVE,D9/I,VOL,20178,ANGFRAG,QUARTZ,,0,10,6,3,,,,,,,,,0.2,
SPRING CAVE,D9/I,VOL,20179,ANGFRAG,QUARTZ,,0,10,6,2,,,,,,,,,0.1,
SPRING CAVE,D9/I,VOL,20562,ANGFRAG,QUARTZ,,20,29,23,15,,,,,,,,,9.5,
SPRING CAVE,D9/I,VOL,20563,COMPFLAKE,QUARTZ,FEATHER,100,46,26,17,,,,,,,,,27.5,
SPRING CAVE,D9/I,VOL,20564,COMPFLAKE,QUARTZ,FEATHER,0,51,23,14,,,,,,,,,18.1,
SPRING CAVE,D9/I,VOL,20565,ANGFRAG,QUARTZ,,0,18,11,6,,,,,,,,,1,
SPRING CAVE,D9/I,VOL,20566,DISTTOOL,QUARTZ,,0,20,15,9,,,,,,,,,2.3,
SPRING CAVE,D9/I,VOL,20567,BROKEFLAKE,QUARTZ,,60,23,17,10,,,,,,,,,3.6,
SPRING CAVE,D9/I,VOL,20570,ANGFRAGTOOL,QUARTZ,,0,15,14,4,,,,,,,,,0.7,BPCORE
SPRING CAVE,D9/I,VOL,20571,BROKEFLAKE,QUARTZ,,0,22,13,3,,,,,,,,,0.8,
SPRING CAVE,D9/I,VOL,20572,COMPLETETOOL,QUARTZ,,0,19,14,4,,,,,,,,,0.9,
SPRING CAVE,D9/I,VOL,20573,ANGFRAG,QUARTZ,,30,20,12,6,,,,,,,,,1.7,
SPRING CAVE,D9/I,VOL,20574,PROXFLAKE,QUARTZ,,0,13.7,11,3,,,,,,,,,0.5,
SPRING CAVE,D9/I,VOL,20575,ANGFRAG,QUARTZ,,0,11,9,3,,,,,,,,,0.2,
SPRING CAVE,D9/II,VOL,20593,BROKEFLAKE,QUARTZ,,90,23,22,7,,,,,,,,,3.4,
SPRING CAVE,D9/II,VOL,20595,ANGFRAG,QUARTZ,,0,13,9,5,,,,,,,,,0.4,
SPRING CAVE,D9/II,VOL,20596,ANGFRAG,QUARTZ,,0,12,6,3,,,,,,,,,0.1,
SPRING CAVE,D9/II,VOL,20597,COMPFLAKE,QUARTZ,FEATHER,0,19,12,6,,,,,,,,,1.1,
SPRING CAVE,D9/II,VOL,20598,COMPFLAKE,QUARTZ,FEATHER,20,28,14,4,,,,,,,,,2.1,
SPRING CAVE,D9/II,VOL,20599,ANGFRAG,QUARTZ,,0,11,7,4,,,,,,,,,0.2,
SPRING CAVE,D9/II,VOL,20600,PROXFLAKE,QUARTZ,,0,23,17,7,,,,,,,,,1.6,
SPRING CAVE,D9/II,VOL,20604,ANGFRAG,QUARTZ,,0,12,6,3,,,,,,,,,0.1,
SPRING CAVE,D9/II,VOL,20605,ANGFRAG,QUARTZ,,0,12,5,3,,,,,,,,,0.1,
SPRING CAVE,D9/II,VOL,20606,ANGFRAG,QUARTZ,,0,10,6,3,,,,,,,,,0.1,
SPRING CAVE,D9/II,VOL,20607,ANGFRAG,QUARTZITE,,0,11,10,5,,,,,,,,,0.6,
SPRING CAVE,I9,YELLOW MIDDEN,20124,COMPLETETOOL,QUARTZ,,0,13,7,4,,,,,,,,,0.2,
SPRING CAVE,I9,YELLOW MIDDEN,20188,ANGFRAG,QUARTZ,,60,12,7,5,,,,,,,,,0.4,
SPRING CAVE,I9,YELLOW MIDDEN,20611,ANGFRAG,QUARTZITE,,0,43,35,23,,,,,,,,,29.3,
SPRING CAVE,I9,YELLOW MIDDEN,20612,ANGFRAG,QUARTZITE,,0,40,29,26,,,,,,,,,30.9,
SPRING CAVE,I9,YELLOW MIDDEN,20613,ANGFRAG,QUARTZ,,20,13,9,5,,,,,,,,,0.7,
SPRING CAVE,I9,YELLOW MIDDEN,20614,ANGFRAG,QUARTZ,,60,26,19,12,,,,,,,,,7.1,
SPRING CAVE,I9,YELLOW MIDDEN,20615,ANGFRAG,QUARTZ,,100,52,38,35,,,,,,,,,58,
SPRING CAVE,I9,YELLOW MIDDEN,20616,ANGFRAG,QUARTZ,,0,22,10,10,,,,,,,,,2.5,BPCORE
SPRING CAVE,I9,YELLOW MIDDEN,20617,DISTFLAKE,QUARTZ,,10,11,8,3,,,,,,,,,0.3,
SPRING CAVE,I9,YELLOW MIDDEN,20618,PROXFLAKE,QUARTZ,,0,12,8,2,,,,,,,,,0.2,
